node,dir_0,dir_1,dir_2,dir_3,dir_4,dir_5,dir_6,dir_7,dir_8,dir_9,dir_10,dir_11,dir_12,dir_13,dir_14,dir_15,dir_16,dir_17,dir_18,dir_19,dir_20,dir_21,dir_22,dir_23,dir_24,total
0,66055,78167,48662,42861,76245,59229,60046,85630,103554,108093,114855,96977,98587,90271,82776,79511,84238,74893,77287,78974,73152,79165,68967,77932,70968,1977095
1,406624,246667,240872,121360,121758,138258,92665,83257,100266,110310,112660,109092,100234,93628,80626,77856,87986,72004,82752,74013,66731,75899,77779,78394,75106,2926797
2,118449,154289,118119,117981,39632,75733,78374,67276,105190,106309,104920,86654,86738,80739,80205,76039,78772,73989,80379,71550,74876,72405,67732,76424,71395,2164169
3,78498,95122,76615,91326,55529,62061,70660,53867,96956,109009,108946,97228,93865,87451,80176,79218,72363,79903,75184,73932,71378,73015,73770,75533,72978,2004583
4,55722,51601,80983,77731,75787,55464,63871,66010,96752,119284,103700,89645,92652,82167,71935,74261,78187,74220,75400,65089,74168,70761,75206,73819,72492,1916907
5,70088,83015,98964,72863,70687,44451,56194,66806,104592,111300,116693,94951,95429,85787,67871,77403,76673,71995,69745,71977,76808,72318,71712,69988,59581,1957891
6,63732,71689,87364,68035,63347,50022,57782,76445,103773,122006,96999,86299,88289,83819,77196,76060,79711,72226,75552,70883,75778,72211,79747,62013,68167,1929145
7,63038,84319,101605,82014,76407,63964,55330,68566,99241,121264,111837,97880,80604,80092,80455,75764,77114,74379,72682,67089,73301,74148,80060,62315,76587,2000055
8,55231,76516,75673,77080,71376,78227,66487,65913,111519,108236,102691,86166,84945,86749,80273,81721,84192,74898,73736,75452,74998,74524,86761,68344,72548,1994256
9,41651,43465,85622,84797,86400,75836,71364,61848,102429,106147,107965,82053,85369,79759,71496,72697,74846,73699,73193,73853,80740,67760,85203,66675,69302,1924169
10,59934,65573,68570,66190,70305,68725,67545,69511,111377,108747,95833,86163,72786,73487,75360,75322,76195,82921,75837,69769,71933,64528,83311,70075,70976,1900973
11,40774,54714,49523,53060,73050,66259,62240,69126,108581,122067,97318,88953,90334,78330,72090,76502,86149,76596,75412,71586,77597,71367,82010,73047,69545,1886230
12,33827,44193,40955,45394,67429,54834,63777,64139,107106,112224,91715,89520,79830,83114,67314,76335,75742,83110,73300,71463,85734,74493,81225,64998,63010,1794781
13,38230,42939,63853,48411,51143,68931,66826,75172,113199,127844,93319,101993,90716,79814,76498,80783,79810,76806,74025,69320,73465,70267,72829,69165,73656,1879014
14,38332,38866,53376,51250,50992,60063,69005,70256,121863,127558,88859,103689,90134,87687,81059,83846,80947,79981,77110,74143,78161,71417,80420,70278,62679,1891971
15,43400,35723,44773,52351,49333,54798,64004,64734,115899,132387,101834,90582,90417,77511,84503,85847,83690,81698,81203,69301,78045,71901,76061,73965,71223,1875183
16,36905,47250,46169,48620,59440,51735,54891,57883,107865,113390,86793,92505,82971,77350,77495,84014,77914,80625,68792,72327,79630,81103,71011,71694,65865,1794237
17,77087,93679,62459,75257,80903,80735,83933,102657,98434,119083,89119,100832,87854,78584,76839,81172,75223,75164,76167,71609,72520,71483,72833,73889,68399,2045914
18,75963,94854,71140,69132,59195,69149,72275,77441,98095,97218,88667,88848,83252,79490,75511,77459,82464,79405,78307,69812,76858,78757,77517,69469,64286,1954564
19,73138,98051,75728,81035,60724,69205,81724,85089,96663,118696,106309,98206,88363,84250,77507,82324,85028,77443,79138,75185,68609,73148,74543,72598,69142,2051846
20,71785,99598,77221,84529,76379,71122,70584,75234,99423,114263,104866,84534,80454,76620,73681,78243,80513,75650,79530,71224,75258,71741,73597,68875,68017,2002941
21,80905,89205,97499,67026,89866,62116,60112,76584,96877,133147,92124,106963,85095,78690,80045,81139,75773,74730,83197,73064,79469,67417,78171,69839,68240,2047293
22,71320,68369,82791,90085,72581,59179,67986,79140,100317,116751,117428,92674,98226,80193,71883,80745,74293,76417,74382,64611,78811,71373,73730,67004,69547,1999836
23,87981,86812,98656,85000,93761,65961,69661,86926,103474,113349,107252,97604,94619,94750,71080,92685,80101,85382,74016,77105,73203,73884,79321,78764,71357,2142704
24,78101,83789,98660,90823,90116,77600,71564,87963,101645,117660,106132,89447,87919,81793,91347,69380,84420,81884,82613,70835,74555,78016,78584,71776,71639,2118261
25,93254,70312,80134,92746,67521,71024,60381,65401,104415,113861,113370,90521,92087,80702,78009,85619,78219,82401,77262,77242,73310,75120,83121,66790,69681,2042503
26,75439,95376,66009,85477,95397,75892,93041,59414,109888,119347,104281,90073,101438,83845,80425,76578,80053,80583,76773,70976,83974,68469,73776,73281,69647,2089452
27,64748,87645,73932,74751,86428,74584,81991,57882,117403,120904,107058,90265,94226,75789,80529,76215,78186,75478,73769,72135,74011,73384,83228,68557,70575,2033673
28,72724,93949,77315,74523,96577,73636,73802,66249,120106,123114,110545,102369,86372,88125,78345,74887,80370,79208,81828,73485,82046,74392,75804,76219,70479,2106469
29,62564,74976,61831,69152,92925,69454,72169,65087,117825,132025,112915,101930,92518,80899,77402,74174,78514,76747,76099,68402,76065,72432,77121,70601,68392,2022219
30,81810,66395,88208,63638,67921,86420,54173,69571,114348,133864,116687,96259,92751,83360,77792,79323,76827,74031,81082,81498,70279,79278,72890,67479,67405,2043289
31,70594,61309,82235,65767,66439,91297,71216,68891,118228,121792,96489,91294,90422,91109,84427,84906,81539,78539,75874,72425,74627,78593,72665,69351,71929,2031957
32,86594,71278,70942,87116,63224,71736,84521,72718,124542,135219,104075,94232,87815,83699,82400,74175,75738,77262,79726,78535,73255,76043,77472,75269,74299,2081885
33,87594,93478,75801,70453,81674,72339,71022,79422,115888,127451,102129,93949,89241,81574,79219,84751,82793,85916,80111,72828,78846,79537,80120,79525,69255,2114916
34,89653,96890,74518,75336,84496,81770,90671,109836,94479,121326,100571,101589,90638,82735,82162,75936,87543,77151,71627,71319,73832,73910,67783,64595,63944,2104310
35,73608,96611,65430,67053,77409,78635,81285,82656,99011,108130,93784,94631,82828,83251,76085,75211,72203,75324,76638,70742,73429,60744,69036,61949,69918,1965601
36,74879,89505,88796,101673,71325,73979,76386,83061,101463,93937,97647,99468,90224,76980,75969,80186,75950,86167,77647,72422,74878,66356,74647,72159,61921,2037625
37,70967,92734,90566,93574,69798,69213,86079,79996,104784,115397,95187,91172,93527,81814,81899,71728,77018,73275,69312,68023,86089,70927,77257,70401,69157,2049894
38,70651,64172,75704,89175,82193,68812,59249,89542,99766,107485,98857,95723,81045,86318,80700,73500,77139,66147,80465,72076,70868,70596,70135,68117,65489,1963924
39,62886,78071,85188,93562,86808,79344,65906,82661,102325,104208,113522,92515,87702,81803,79965,80629,76149,80025,79930,67368,74978,67877,74182,69395,72279,2039278
40,66467,75384,97031,83569,76219,57452,67793,81239,108416,109277,114081,89820,95291,85167,82256,83135,84143,79963,73172,72195,72658,70823,64748,69335,68177,2027811
41,69572,75627,88971,79902,81335,65439,69796,90972,102235,109652,101209,109072,86980,84660,74801,81422,75302,74437,74845,79125,71974,70202,71197,65251,75920,2029898
42,82645,65070,70014,85538,76494,63326,67661,76126,99877,110268,102218,100633,89178,81702,76523,77369,76627,72980,71819,75142,76484,74842,72667,66421,69061,1980685
43,78091,86862,71241,78648,93744,75876,77486,61532,108874,116389,113907,104218,99362,82876,77552,80209,74804,84054,78190,80043,72260,74497,80179,73200,74288,2098382
44,64124,79124,67372,66566,82068,67243,68369,60849,106350,108990,107709,95182,97490,85414,78300,71985,66910,81506,72138,67262,75986,74775,71739,69649,64452,1951552
45,75472,87816,70163,73990,83953,69292,77059,53800,110920,115229,103148,98005,89890,96350,76313,84817,74565,75189,73218,66223,72890,76130,67888,67076,72680,2012076
46,64400,73063,65529,70005,81960,71768,70413,59611,112912,103842,99887,91413,86197,85876,73135,83367,84114,83558,72059,75072,78244,74620,71277,69950,66659,1968931
47,81099,70675,96375,73344,69359,89011,68854,77201,116683,119549,106527,99742,94015,83665,95853,82789,76832,80016,73509,72921,79069,71458,73745,70841,75627,2098759
48,65360,68182,88311,75769,67139,88707,72613,74525,111278,126906,105640,97537,99486,83135,75571,70147,81877,83281,76640,70466,77017,73779,75262,74061,71031,2053720
49,87461,75038,80461,88400,69676,74301,82468,72079,118035,125650,100827,91632,91016,83656,82954,91587,73225,83974,74859,76839,75670,75577,76178,60246,66774,2078583
50,82879,90563,72781,78574,84071,61832,71715,90187,115063,119015,108178,96275,90050,84807,82831,78044,85774,83206,77862,75670,76457,74652,81320,65669,67361,2094836
51,80564,88924,80124,83304,90770,78323,79182,98146,95205,105327,96132,93251,94972,80630,81255,70763,69344,70285,70290,71895,61543,68430,63826,63062,66191,2001738
52,83040,90254,101117,71055,82647,89089,72303,78603,99876,92607,95102,93145,85160,83566,81687,76335,70639,67762,68689,68572,64052,72042,64120,58932,64607,1975001
53,79889,94930,91732,110508,75061,73719,88467,80397,100569,100543,97508,82708,84146,89436,92261,74891,67371,76673,67100,71348,64410,63399,61740,67915,66925,2023646
54,67817,80064,83597,95063,40725,75576,90742,88925,94080,101744,89845,90158,85244,82613,76239,80336,75667,72329,67571,64150,64911,70873,69795,61374,67185,1936623
55,76727,76582,86811,82451,101185,59524,74454,89771,102224,112942,89862,88459,91928,89933,78182,77262,77667,79231,70392,69149,69394,73741,70394,66565,69793,2024623
56,66859,76359,96679,90670,90232,65878,70293,86583,104826,94758,87998,94366,96016,74646,79488,84461,74136,71632,72255,65464,68004,65071,71790,72779,68149,1989392
57,68635,81992,95189,86355,92901,75306,80345,77494,101997,95299,94261,98343,87988,87251,82064,79738,78216,77077,68621,66102,69002,66587,69843,70192,70346,2021144
58,68324,68496,84111,87337,85052,72598,69569,81014,99823,95226,118262,97626,78822,76391,75752,75765,71397,76736,71811,68546,67840,69106,71519,70401,67282,1968806
59,77891,73597,79661,99506,84664,78369,60972,67980,106070,98792,96931,92333,92620,81984,75072,76449,81837,77264,74257,75610,74245,72083,69226,73255,73512,2014180
60,78498,88679,74573,79080,91406,75488,88477,68608,106200,104122,101645,91780,83183,88260,74180,79900,75191,75486,79013,72736,71689,62888,71401,70281,68177,2020941
61,73706,87285,75941,77740,86422,71323,85328,62230,101535,100468,97589,101192,93275,81204,81788,84449,74384,71407,63522,68116,72493,71374,69160,70970,67117,1990018
62,63755,82708,76744,70109,89077,75056,75310,61585,103375,101573,101336,92021,85157,86241,79353,76330,69429,86560,72561,70253,71228,68436,76687,64737,63449,1963070
63,70030,83927,71954,75596,95958,79991,81155,64656,107039,107139,97356,96680,90790,79353,81112,79352,72565,67180,80620,74138,69133,63669,82548,69216,72218,2013375
64,73598,64665,77874,60895,68266,85447,78748,71787,110802,105823,98546,95694,111537,80482,79821,73180,74126,73938,75130,72459,79081,76843,75451,70968,66040,2001201
65,72811,66147,95915,73323,71507,81498,80778,72221,109736,104359,93430,98930,86353,81672,83850,66495,77146,75081,81639,73452,76583,76458,61873,66813,63628,1991698
66,82373,72177,73815,90884,69589,67161,74650,75225,104519,107196,95941,93760,85135,83795,78779,83183,80375,74217,69618,69651,73085,70846,63236,66484,61485,1967179
67,87465,91707,69475,71483,97904,76111,60400,76408,109212,108355,98082,94770,89068,98465,78590,72777,78404,82271,71431,71363,69815,71110,78877,66212,59358,2029113
68,80094,97145,77464,74022,90536,71877,69001,89306,93001,96362,97932,100552,90257,82839,72295,70703,70393,69442,66051,58818,60439,64327,65554,62980,59226,1930616
69,74918,96232,94847,44817,78565,89344,75382,73800,100664,87006,86809,84466,84667,76745,73122,72673,71127,65524,72359,70919,67599,55924,64126,60387,55123,1877145
70,73963,89787,96638,87915,72952,69573,78576,71234,97881,89961,94938,97517,80401,80401,79862,75478,70035,64569,68441,69171,65896,59322,70678,64888,64731,1934808
71,71824,85762,87347,93248,70277,69065,83618,81316,96035,92922,86517,87780,75094,71888,74990,68423,73045,74662,69485,70007,59762,65843,68545,66082,64559,1908096
72,78130,81459,90369,79833,77521,70509,65322,84497,95208,92208,89507,87918,73047,89946,76708,78150,73507,70391,59432,61815,66285,63805,63195,72886,59131,1900779
73,77423,84867,85632,79813,91451,65747,69628,87851,101742,91404,87193,78654,78256,76737,74039,74215,68034,65873,67083,68335,73640,65023,58738,61775,69999,1903152
74,73440,74475,81616,81769,79053,61052,66930,83334,107836,86694,88011,92604,86022,72505,76162,72923,72450,64949,65742,64768,65340,63464,62067,71099,66961,1881266
75,71754,64994,79407,77342,85645,63907,69473,86719,96598,100537,95472,87972,85685,79892,74152,76440,74044,67933,75103,71363,70563,73040,68721,68619,63160,1928535
76,81333,62842,68801,88777,78446,80487,58302,65106,93142,95754,86796,88241,78357,76339,80926,77040,70538,74843,70897,72823,72092,64469,63568,67298,74336,1891553
77,77742,89686,73786,77382,88825,78567,77707,59357,96547,90364,103557,82053,79556,71130,73228,78063,67164,64091,67941,65938,69144,67814,66912,66638,70282,1903474
78,65887,83896,65733,70256,81717,77004,72525,59138,93203,98589,93400,92607,79175,78138,74803,75573,73113,65263,64029,65060,65917,70370,65655,62597,64128,1857776
79,69773,83644,70771,69181,82003,74234,66114,64137,83418,91368,97920,87121,77682,77835,75857,67099,75935,67759,67778,64320,65809,71173,66232,68903,64329,1850395
80,71805,79366,73888,68152,84148,70158,71429,61920,91943,97138,95571,84762,79316,74783,74772,81037,74979,73451,77072,64302,69532,70661,64796,58643,67625,1881249
81,82281,67798,89361,71706,66287,82700,68672,78127,91123,89662,94124,91713,84240,84707,80065,73001,72676,78991,68181,69306,69299,71402,64004,60939,68434,1918799
82,64834,69548,76053,63153,65087,75364,67649,72534,96392,98935,102063,98506,79249,85485,78796,75390,76720,71805,72560,64922,63384,74552,66995,63858,64813,1888647
83,83004,63509,68981,82352,65512,63946,74572,67113,92664,93291,89362,86100,84185,86794,79770,86103,69379,77757,74527,64791,61621,68857,72037,58358,60927,1875512
84,79926,78871,66848,72989,82792,69839,65112,75949,103606,88354,93921,89440,80525,84148,87614,83649,85770,79038,72267,58398,60255,68751,68140,63213,59085,1918500
85,81868,83812,73911,72756,82647,80196,71216,87528,92256,82177,90464,83642,77204,73455,74742,73146,65395,66085,64446,67249,62131,54618,59406,56260,57290,1833900
86,72249,87028,85590,68797,71367,81468,64761,73457,95585,88250,93710,79321,78478,73177,75912,65755,67331,66222,60838,63060,64892,60126,63246,61798,58173,1820591
87,70724,91791,79664,97980,65106,72522,77041,73719,93032,88688,86180,79159,79586,70386,72860,75487,67777,68640,59485,71389,61224,60795,60556,61941,66795,1852527
88,71748,86495,82776,94809,63040,77390,78524,71507,94442,86906,86533,87479,77822,78218,69928,73642,69950,65732,65371,63163,59238,62258,62535,66015,62427,1857948
89,78576,76046,87001,77354,85632,68240,64997,78832,95833,85781,87916,78960,95334,80924,70779,68828,66779,66385,61945,59810,61876,61148,61295,64594,67077,1851942
90,75212,74029,87894,84715,91518,69544,74672,79283,95138,83647,85942,82850,76380,69119,72576,68601,64449,66489,66876,63811,60962,60475,60488,69369,59790,1843829
91,65105,70164,79452,74735,91928,67993,65739,83550,94488,89393,91868,83173,81623,75446,77296,73678,68011,70259,62347,62907,61612,68347,60897,60852,61324,1842187
92,71387,71703,81336,79353,84826,70759,73771,75672,89994,79092,88420,82795,74308,76019,66759,73661,77530,67600,70493,70319,60501,60616,57879,65564,63025,1833382
93,78038,62191,69135,75957,74558,85288,61564,71512,90125,85045,95518,83661,81406,76205,74436,70694,71726,74490,73081,63987,64182,68579,62980,56238,65878,1836474
94,80504,91100,69884,71994,79957,73992,75219,61159,91328,87981,84809,84170,76236,95788,77542,71062,63975,72663,66748,62989,61424,62412,62353,61478,65737,1852504
95,66797,75770,65289,70595,75882,71224,76775,62418,90352,87765,84596,78250,80728,82331,72127,70350,70924,67668,69428,65367,64613,70580,61698,65007,66047,1812581
96,74223,85417,68540,66854,88165,71701,70355,62842,87236,82117,99956,77598,81399,73498,74773,75641,66766,65672,64583,62942,71799,64857,63717,61757,58261,1820669
97,64454,71310,68428,71392,84022,79696,76765,59527,88470,90913,87112,77712,83827,79489,73641,65299,69679,69580,65955,64746,68274,66215,62153,60534,61499,1810692
98,76304,65147,71260,63667,75252,83490,70163,74525,95369,95684,93663,86444,79194,85217,79108,79766,70469,74251,64848,67448,62699,68565,61810,62508,66017,1872868
99,54392,62470,77048,76000,64064,80497,66317,81879,91032,95660,85156,75184,82081,71012,91910,76080,71246,63375,65547,61913,65403,60229,61819,60790,61194,1802298
100,79720,62903,66382,83113,70849,64867,76591,76239,89455,90813,90737,82707,87014,81726,88015,74801,69158,66569,65277,63258,60921,64175,65678,65919,57890,1844777
101,79510,85037,66275,71390,86008,66107,59233,72058,89481,93161,90091,96535,77979,82671,76253,77648,71224,66274,63060,66763,64261,65204,63896,61191,61027,1852337
102,73966,77774,63791,67145,71461,72569,68775,83484,90948,81158,84134,80795,66168,70467,65450,66935,65125,63012,63065,56768,58712,54146,53041,59864,58158,1716911
103,74980,78192,100513,71600,71375,73958,67874,69873,96796,75673,92704,70892,78056,71140,68182,67049,61599,63351,59875,58212,58685,59866,57104,60597,56194,1764340
104,70696,86580,88698,87795,68627,67929,78237,72604,88015,77766,77050,91273,71298,75409,65754,64496,65129,62431,63263,62132,62316,57972,57798,60277,56063,1779608
105,64212,81019,76237,87997,71349,73315,67976,71990,86154,77973,84907,86454,78610,72817,77915,65889,72973,59923,63442,58366,63040,65674,52693,63898,52364,1777187
106,74754,70411,81893,82128,83186,59220,65723,71086,91725,79022,82229,80309,71845,76850,74917,67154,66809,68831,65817,62492,58369,62156,57735,58167,62863,1775691
107,71724,71229,85418,86339,85044,64892,61454,75531,87473,78374,84865,90918,78706,66379,71979,69385,65779,61798,61280,60488,61759,61478,56932,58450,58724,1776398
108,68223,64409,79077,75376,80818,63386,71437,72327,89172,86184,79815,76769,80404,75887,69494,73717,61773,65738,59586,67133,65005,61142,53853,56332,58613,1755670
109,59329,66608,76502,77909,89523,63071,63271,78578,92628,87023,87413,83211,70353,73509,69747,67525,65148,63993,64642,62977,59868,64266,56227,57683,61845,1762849
110,77180,64311,62905,77312,76604,78953,51752,67837,86926,79634,81265,80515,83627,74965,76671,70509,60698,68095,65381,62690,58772,57371,57974,60312,61970,1744229
111,65708,82515,61624,65940,72008,71893,66645,53521,86462,86591,82425,77248,80106,77924,72888,82247,66496,72335,66251,67368,62756,56442,58856,58746,62090,1757085
112,65100,85107,69669,65485,77127,77252,70721,60148,83384,84361,76864,74574,70996,72947,68868,66499,68553,62913,66015,68070,57547,62677,65722,65197,62375,1748171
113,63649,75756,67142,60894,76218,69665,63181,59489,85979,85854,90471,84359,75278,75617,72199,66773,61683,61673,67800,67621,57021,58514,64748,59412,59704,1730700
114,62185,78282,67847,64609,78136,72924,77394,62276,83674,84256,80303,83589,74529,71376,71272,68824,65535,70085,61750,66467,59413,59086,58101,60559,58184,1740656
115,65260,57798,67874,63030,67582,77754,68007,76564,86498,84864,93626,82587,72183,69938,73422,75141,69558,65518,62573,70335,71572,57867,64844,64240,58460,1767095
116,63769,68418,78080,66068,69392,77272,75824,65508,88113,88210,80114,80772,80431,100401,69974,73754,66398,66910,65766,66367,60411,61856,54492,59592,63921,1791813
117,65080,53411,59205,76568,57565,56935,70108,69563,81866,91158,84425,75897,81328,78121,70167,73470,79458,65413,65145,61970,62286,65074,64251,57399,62799,1728662
118,72376,76889,65130,68499,71207,67200,64992,73598,85365,80994,84189,82798,75262,79309,74427,70956,67692,64641,67158,68755,73773,61481,63963,58404,57453,1776511
119,74148,76946,68364,64805,73667,61832,65581,81248,88498,76017,81685,74585,76463,72689,68031,63443,63405,58294,53605,60208,60529,59816,57617,56131,48532,1686139
120,66207,71528,93732,76455,67905,72085,69753,69362,91157,72463,73549,70519,72075,60805,68142,64737,63544,56129,63703,59733,58663,55298,56938,52872,58069,1685423
121,67579,86543,73168,83542,65312,69946,75424,67795,85298,73342,86012,71768,66709,83122,65823,61031,60826,58849,65394,61367,57151,50898,57828,49782,54394,1698903
122,62671,71379,77137,82012,60914,70798,70992,63159,87953,77007,77123,72231,72568,78535,64587,66224,61204,59121,65960,63697,52089,56936,61074,53939,56908,1686218
123,70451,63976,76747,77876,78353,59489,65657,69679,88938,84657,78313,80193,73614,78548,70871,67465,61411,61040,61506,68768,58874,59912,57062,54637,55852,1723889
124,64533,75063,80413,77046,77818,61131,65498,83829,88383,77856,82294,91963,68670,73595,76062,68749,62099,59729,63830,64118,56604,54416,52412,58135,54562,1738808
125,65748,69606,79855,75161,85414,59010,70153,74164,81566,78473,83048,80864,73705,71208,71022,65850,70092,64420,66214,59845,61013,58822,57264,56398,56395,1735310
126,67915,71908,75211,80450,80638,65535,69073,74371,84903,80370,86657,78659,77159,77264,71140,69076,62999,65057,58508,67815,58302,54056,54491,52457,57003,1741017
127,67997,69802,63020,80060,72214,75635,62902,57984,89584,92083,74309,80798,73622,67429,65779,68974,61867,63919,70300,56972,64071,62825,56461,59055,58657,1716319
128,69818,83441,72867,63896,76349,73244,74306,58620,87876,74188,72154,73731,76765,71100,78459,62877,64612,63521,54737,64463,59747,61461,63424,55517,58700,1715873
129,61902,74415,65979,67511,76559,74127,80281,61136,85235,76477,83290,83177,74756,74648,74699,65559,63064,61359,63496,62040,57338,55178,56523,61778,61703,1722230
130,60657,72427,67031,64856,78261,69563,68439,59519,89214,81385,88514,83281,71978,71367,72212,66084,64927,65332,63102,57125,59716,63828,61954,59509,56986,1717267
131,59577,64714,59167,67079,77009,74513,76680,54480,83730,76095,77841,77410,79978,79658,70745,66405,65018,66687,62739,62067,58144,61502,60577,56372,59127,1697314
132,71053,63458,75173,65144,66165,78863,72752,72141,84492,79979,88431,81658,72064,69939,70594,67636,69180,71588,64443,65098,59143,56824,62559,59657,62416,1750450
133,62136,63013,77677,65931,61652,74290,68529,74982,84697,83503,80962,78136,71142,72921,77429,69843,62657,72644,66122,61773,63141,58358,57757,63466,59915,1732676
134,68958,59319,69642,77714,65552,61329,73424,64557,78348,84195,93432,72608,75552,70726,69257,72378,68886,69996,62823,60446,55785,58477,62430,58903,59688,1714425
135,71849,75820,61615,66633,73744,61819,59440,71483,77555,80970,83064,76735,69610,76506,69062,79563,58536,67124,62190,63855,64826,58523,62080,55294,58057,1705953
136,66135,78150,63684,64839,71279,64993,63283,70906,87792,74334,80372,71070,73035,64583,69036,59745,59618,59554,62221,59677,55104,52384,55563,52104,51713,1631174
137,68203,65264,71309,59398,62604,63868,61507,59585,83150,71354,72236,76024,72418,69534,67033,60649,64323,62293,57789,58681,53107,56506,50255,44453,52954,1584497
138,70260,81157,80784,78643,59599,63811,68732,66593,86206,71507,76712,70841,69360,64838,65157,59354,66007,59493,54500,57955,50616,50124,48639,50872,54898,1626658
139,57874,69766,70174,70570,54355,65822,64362,63822,80233,71192,79126,72277,72720,66824,64611,62734,69525,56327,57011,60793,56424,52565,51212,55588,54977,1600884
140,76605,65285,75907,69751,76288,58061,62348,63502,83267,72060,80775,71687,65149,63732,67393,62849,58812,58172,55811,61191,55420,46137,57109,53869,58113,1619293
141,65452,63382,68216,73958,75909,59744,61578,63784,84139,78889,72686,73132,70087,71640,67809,67457,62488,64734,56024,57318,60822,50452,50836,53493,55473,1629502
142,64621,62311,69654,76049,72064,52901,65155,68825,80042,77552,75679,70274,69757,67289,66880,79068,63266,54856,65916,53507,55658,46477,59515,56635,53161,1627112
143,62629,63279,72545,73885,73299,65608,59524,72713,75574,73069,76711,69101,72209,87361,63351,57665,57872,54678,59733,53870,58910,50594,51064,56479,59313,1621036
144,67895,61884,61308,71215,73303,70875,57189,61153,80217,69308,73343,89693,67064,74731,70928,71136,63261,56532,59511,59125,56535,59256,57448,56338,56523,1645771
145,69509,78422,64140,59818,81179,69145,69426,62267,82039,96820,71278,74509,63571,69014,64497,68666,63273,59372,57124,60081,57887,53029,58487,61863,51020,1666436
146,66189,70057,66745,59507,73857,70925,72632,61377,81600,79169,73517,81678,63045,76306,68269,60950,63912,62670,54123,59457,54575,52885,57212,60494,54556,1645707
147,60183,75047,65505,58578,70927,68436,63517,53470,82437,79342,80316,85088,69707,69789,69629,68778,61859,67666,68105,61836,57670,53732,53035,57597,60846,1663095
148,62148,74610,62800,61051,73350,72450,65077,60258,80669,83553,80988,81755,70559,66972,67047,66044,55219,61481,63981,61809,58331,55212,56576,50731,54057,1646728
149,69756,60374,73104,64918,63609,72333,69965,66124,86376,80755,82682,74957,67240,67849,67912,65102,63852,58340,67108,68352,58970,59734,57573,55548,58880,1681413
150,56894,60278,67841,56619,56250,69795,66354,67202,80209,73630,77172,75979,75171,71216,66979,68000,72648,63979,60408,64105,61814,56494,57652,58188,59873,1644750
151,64700,59146,64009,75703,62153,60633,68204,65496,71008,72756,68405,71073,73558,72130,84721,61529,67260,66767,61534,61285,58335,57513,53424,54657,58019,1634018
152,65809,68140,61598,63525,72236,60984,61953,67501,74237,77699,72341,71029,83602,71492,68010,64823,62514,65027,59446,62244,58794,62489,53856,55995,57508,1642852
153,63033,76750,55191,61405,76563,58618,65050,73318,89175,72894,72599,75915,74511,67922,62607,58823,61825,52176,54964,56047,53853,56750,48784,53134,48436,1590343
154,62968,63844,73349,56168,66670,67351,64167,62053,72798,69801,70774,69978,69962,68395,62935,60703,58375,68094,60642,52469,54274,58717,53130,45354,56139,1569110
155,60560,66899,71532,72219,55231,58627,58585,59532,73605,72861,69116,70740,69572,71329,58859,66970,60439,61655,59033,56196,51881,55524,50855,52784,53699,1558303
156,60693,69971,71023,79680,58733,63437,67419,71768,73656,67032,72759,62700,78754,65777,56253,61791,53629,53781,52681,60631,57020,54095,52476,51687,52087,1569533
157,67418,59282,72753,70679,70641,61516,59410,64762,79360,69059,67039,63765,71333,65725,71778,59673,50880,57198,59382,58146,56481,51291,55746,54756,52036,1570109
158,60812,61305,66287,73281,70906,56638,60452,64158,79043,69670,71160,68601,67043,66070,69583,58636,67227,60959,59280,52964,55060,54254,52224,55678,54684,1575975
159,63315,59803,66960,71199,75071,59006,62624,67759,75503,74368,69797,72584,63065,63857,63448,62203,65596,55871,64348,55498,48521,53950,56927,56843,54992,1583108
160,57585,63659,68974,71492,72246,62206,64897,69501,83307,75964,75436,81273,64206,61989,66083,61190,65836,53748,60358,57822,56363,53172,56907,53929,56444,1614587
161,60235,57891,55842,66819,67874,70442,57052,59056,77670,74485,76805,74176,67913,65070,64368,59962,57851,60891,57506,60767,59317,59855,49138,63354,55310,1579649
162,63218,68763,60014,60880,67525,67467,66322,57235,81286,71737,72429,75271,72879,62861,62860,60817,59511,59533,61329,60936,54181,59740,55899,60751,51356,1594800
163,60463,68721,57476,53740,65012,71255,67234,60581,79832,80781,78261,67940,72472,67575,64643,63651,56656,59261,60092,58157,54252,63826,54874,56349,51641,1594745
164,57049,73977,61581,56880,70064,69357,65598,63661,79462,74887,68764,88054,65541,72788,64931,60889,57993,59459,67434,58947,52945,62751,49843,53487,54209,1610551
165,60645,64899,53791,59907,71644,71811,67514,58918,74094,70680,68063,68514,66888,82406,66177,64835,57567,56919,63369,56029,49797,59472,57842,58380,54045,1584206
166,66039,57378,69834,59549,59216,71573,65660,64947,77277,78559,74707,68337,67163,71173,66548,75975,58179,63221,61092,51874,48743,54250,57414,53592,50882,1593182
167,55727,57167,71018,57576,59261,65058,68529,74036,74125,71429,76931,75227,64507,69737,72380,66178,61416,67096,54633,58807,54703,51639,53487,59815,58820,1599302
168,65402,59801,61660,70191,61249,56424,64799,63549,76250,71529,79379,74408,67958,71983,65673,64975,61580,60957,61786,58799,59101,59263,54105,50656,58071,1599548
169,63246,70070,58305,61851,68297,57046,57935,67655,73560,74693,70878,75301,68284,71064,67346,64185,61757,59142,60089,59344,60125,59951,50808,54258,54505,1589695
170,73812,77066,58734,55442,67723,61072,64309,71634,78742,75426,70677,71206,58383,76263,59278,53836,54185,51673,55006,57908,50142,50726,47708,47935,47431,1536317
171,60340,69144,70385,56893,56387,64836,61207,60362,81458,74421,72858,70619,67099,72304,63537,56440,61043,55869,57416,56581,52316,54034,51177,51740,53214,1551680
172,63010,70844,66856,72395,53915,60996,61898,62530,78586,72740,74840,69812,68488,65732,63659,64974,57321,57845,56042,55526,55336,59543,51453,54324,53091,1571756
173,70787,70826,68182,72596,52784,59131,66300,67474,71137,66417,62844,70184,64644,69661,59761,70484,53208,59386,57375,55449,50574,53111,49974,53627,50248,1546164
174,65168,60735,68980,69155,76078,58281,56721,65958,71303,67683,78623,69943,70126,59471,59823,58726,58881,49948,58619,54648,49118,50622,52526,56139,52161,1539436
175,63132,56063,61741,64171,67474,52370,58409,69251,74414,64972,74607,75769,65324,71265,62794,61846,57733,59150,55923,57847,52799,56124,49025,49035,48446,1529684
176,62356,56648,64706,65273,70072,60185,62068,69359,71411,71083,72910,71651,70394,63942,61075,56578,58652,63349,52727,53566,55986,53154,50744,52138,50477,1540504
177,58482,56414,70560,67186,74371,57329,64363,76896,75821,70131,71455,61887,73192,69178,67625,58788,60416,58092,53676,55792,52440,52851,46630,52308,50379,1556262
178,70347,59332,56463,64541,69989,68604,59601,60864,83433,74973,69740,78640,73190,70257,58318,62607,61755,60841,59741,52883,53971,60800,55590,51446,49395,1587321
179,62318,73994,59625,54644,64841,68918,67855,58496,83477,71501,76923,71925,68332,67479,63456,60264,56671,56709,52691,57291,62423,59503,49765,51596,52025,1572722
180,57673,71073,60970,54539,62650,69031,65226,58153,74081,70717,74622,66599,67193,62888,75043,58001,53642,60965,57965,60232,56591,54589,51080,52874,51199,1547596
181,56086,74302,65482,60983,69894,71434,69025,60682,74703,85590,76067,71000,61341,60329,62700,58507,53468,51520,57725,50734,57163,55307,52327,53944,51449,1561762
182,56163,66002,56223,53067,65995,74262,63096,56615,77389,77405,70810,70287,73076,62681,66818,63577,58071,61440,58303,53338,54228,52746,53113,55412,56872,1556989
183,57530,55361,67210,57332,50233,62344,69107,67694,75762,76853,70906,72308,67802,61187,62326,65752,71165,58510,61985,58876,57039,52328,53022,45008,53369,1551009
184,53139,59223,66715,54926,50867,64068,66981,72736,77054,72741,63265,84199,68009,62648,66352,58219,60893,58323,56567,57841,52640,53604,50953,56210,48179,1536352
185,55641,58543,57590,59863,53104,51867,60041,54793,86100,73261,81160,78597,67747,70811,64187,61907,62634,59596,57588,58923,57107,50326,52944,50358,53455,1538143
186,59781,67372,53533,58919,64243,55245,51073,57887,76349,74961,81484,76549,67983,67876,64550,62572,55683,59983,62499,56755,59553,56670,50544,55350,53037,1550451
187,59241,66403,54701,58834,68310,59633,58124,70803,81993,81158,67053,79018,63627,65058,63214,61728,54562,54581,51456,51920,50017,44229,47257,42572,50021,1505513
188,55395,62713,67034,56180,51972,61125,51046,50777,78697,69376,70517,71224,67387,55394,62856,60964,55121,59317,53823,52804,50760,49039,51120,52539,47766,1464946
189,59903,68609,66119,71869,53484,54789,55958,52277,73943,70208,76209,75016,65157,60825,61403,59858,58367,61917,55701,51935,53435,48756,48838,51943,48363,1504882
190,57587,66452,66296,67532,51342,54662,56108,57254,78691,64647,75164,73101,62638,61358,66185,60605,54513,51014,53902,58850,54078,57607,50512,52291,51806,1504195
191,69589,58012,65155,63051,72806,56218,54163,63578,75775,67192,72550,71928,66368,63332,61661,52743,60379,61326,52666,47847,58732,48750,50241,49153,56166,1519381
192,60183,52976,67713,65764,63997,55311,50138,62266,75568,65388,68031,71685,63467,76387,65214,59074,61179,52605,50764,53955,54912,48910,46273,53432,51876,1497068
193,60649,57376,64799,66968,67439,56601,58478,62259,68542,64213,84260,69762,61908,66541,59885,56897,60052,55614,54085,51825,53675,47574,50636,53408,48829,1502275
194,57321,59008,62855,68554,65785,49444,56160,64896,71512,68903,72771,73565,68849,64032,65598,53035,58385,58635,51876,59117,50167,53839,47730,51988,52859,1506884
195,66017,52127,48495,59766,62289,63796,48377,54375,73588,75419,70182,75967,71509,69235,63706,54219,63534,58168,55972,58694,54220,48706,52481,57392,50905,1509139
196,64303,77849,58930,54121,61350,64568,66859,55560,75565,70838,72032,65570,64594,65334,67204,62515,61191,59800,61885,55575,53547,48773,51006,51185,53117,1543271
197,56838,70862,56445,54308,58942,62496,70020,47850,71111,72961,69006,70331,65797,61115,58490,66462,55200,60694,54893,60479,54856,51279,48865,47890,51267,1498457
198,55364,68888,57363,52003,62077,67586,63059,52054,71977,70947,73747,66464,73619,65386,58916,59321,54116,59739,60388,61186,51894,51802,47052,51359,52415,1508722
199,51782,67522,51840,50263,61786,63530,63712,53605,80214,81530,69733,67737,63844,64039,61822,58347,56171,60249,54652,54317,55086,53336,52781,50883,51865,1500646
200,58682,54168,56490,49751,45387,53085,63648,61920,78979,83725,81660,77215,69564,63683,64744,60921,54319,54131,52448,65123,53550,49048,49970,49410,51893,1503514
201,49859,53946,61106,53660,52438,60889,60212,60235,72823,74080,68437,80122,74285,67596,55617,63050,57251,59932,55551,51283,57008,52456,50438,48362,52505,1493141
202,49908,45543,52932,63860,53807,47590,53978,61368,72474,77376,72075,73937,70618,63747,67145,58022,55949,63627,59358,56663,50976,51938,48533,51617,52190,1475231
203,60752,64953,54106,53360,60818,57744,47535,55905,69553,73652,69582,74563,69231,59679,77575,61102,59757,55230,54911,55377,56281,52810,50178,49814,56089,1500557
204,64844,61685,57412,54915,64563,56254,55758,62660,77581,74424,65420,64240,65634,62732,57953,63733,56672,49115,48800,46017,51756,48477,50393,44334,44207,1449579
205,55184,56148,62721,50242,54700,59278,53244,51283,79273,72377,75338,70394,61740,63258,59184,63490,57721,57035,45645,49926,52947,48189,48951,46234,49256,1443758
206,57321,63954,60208,65211,58841,55304,59064,57038,69828,68201,64908,64368,61282,64677,58604,53126,55178,53695,53322,54058,53576,45621,51626,51427,46921,1447359
207,52374,58406,59068,66294,54743,51510,60713,52568,68178,66082,71709,81181,72513,61425,52812,61053,49683,53091,54347,50427,49390,48814,52248,51923,45211,1445763
208,57293,51365,58701,58497,61416,50868,51297,56653,70853,72208,76199,70307,70942,57723,60366,54196,53284,51510,55632,59783,49070,51532,48302,55414,50079,1453490
209,56252,54980,59371,56023,57125,47977,54997,57031,72632,68693,71633,71815,70270,62249,70616,58303,55424,54650,53194,55059,54536,45267,48270,49032,47278,1452677
210,50106,56223,63007,63571,66637,48007,54332,58432,73226,65635,77209,69135,66461,66422,63021,54142,58115,55463,53152,52271,50802,51082,53784,52031,47008,1469274
211,54230,53278,63452,63399,61924,50761,55982,57204,76251,69319,68098,73145,63171,60354,65748,56788,58460,63382,55471,58368,48074,46685,42666,50219,45263,1461692
212,59882,54714,51196,60386,63624,66528,53572,58581,73029,66971,78106,66623,65008,62182,64100,56127,58120,56623,52777,57595,47159,51343,52487,54124,51185,1482042
213,52524,55497,48568,47701,53818,60788,61544,53318,77474,79857,70792,76925,66935,66947,61333,61837,53706,51722,51598,52673,54219,51084,48122,49309,45747,1454038
214,56175,64011,57830,53943,57113,64426,65105,60209,74970,65344,68048,67348,62390,82549,58810,64535,53494,53531,54993,47501,54411,49703,47484,50117,49859,1483899
215,50776,61930,55537,48720,56610,64650,63026,50702,71179,71488,74148,71987,77332,71342,61720,60016,58766,56374,55716,54843,53660,48847,48424,48755,49355,1485903
216,50565,55157,51935,51793,60852,63471,58469,49360,73531,67663,69333,61831,63959,61153,63704,59162,65164,54660,53739,53188,53571,50672,46520,54755,51494,1445701
217,54048,49365,60586,48414,50334,53649,64847,63965,72940,88135,68153,73667,61146,62291,62162,56115,54963,51339,51081,57458,57455,51701,44619,48418,53293,1460144
218,49935,52941,58364,48650,45099,56367,61253,59203,73577,68322,75601,72344,66209,64429,57567,57687,57213,55514,56651,58938,50618,48938,49583,44948,49308,1439259
219,50762,48842,53755,59541,51420,46650,55681,60035,79273,72192,71420,72897,80001,65722,67061,52364,58490,55588,54378,53025,57596,49669,51685,48823,47770,1464640
220,55053,56229,51995,51223,60389,47960,45671,54078,73287,77499,73118,75556,68743,62361,57958,57812,55559,53095,55453,55510,54115,50832,48888,50562,50066,1443012
221,52612,60649,50265,53385,57846,45708,46699,56906,79587,76011,71091,64591,64773,68110,59505,54793,52336,53988,47705,49229,45513,43870,50383,44874,44333,1394762
222,50127,57087,60815,50729,55856,61687,49351,49182,73034,64918,71314,66706,54372,70970,62695,53777,59846,55123,51728,50211,53649,49246,50286,45715,47547,1415971
223,54778,58905,60423,64753,53328,53109,56464,49000,72762,73479,65816,66149,69364,60130,57433,52118,48063,47840,49910,49232,50803,51499,53063,52185,47258,1417864
224,47527,54927,60537,70041,56480,53436,56537,50616,71280,69235,66133,63508,61655,60502,59631,53128,58029,49602,49994,48577,47626,44873,53337,50393,43656,1401260
225,53782,46608,54018,54903,61747,49525,43804,53113,75158,72175,68063,63263,64309,63030,67856,58172,55381,50002,49651,49031,50613,49490,45514,48347,45627,1393182
226,49432,46784,56974,57441,61173,49033,47003,54500,69162,72037,66235,70204,68578,62405,63350,50574,58474,58281,53393,55313,51029,52494,45068,50639,41232,1410808
227,52017,54299,59044,60400,63862,51272,49813,54640,72445,74613,71455,75654,64987,65576,61455,55586,48659,51998,47402,50436,52523,53611,46119,49018,46028,1432912
228,52261,50225,58925,62996,63810,51490,51574,58607,84284,69314,65317,69569,59729,65561,58745,68680,59788,49948,49384,51652,47619,48608,46465,44440,50541,1439532
229,51652,52143,50806,57936,60492,63913,50398,53623,76345,70596,78389,66474,66547,67773,57360,55852,51948,53685,49682,53028,50229,47902,49749,52985,45747,1435254
230,52618,58550,49687,48140,55084,59283,58548,50216,77911,69713,72463,71544,67865,67241,59543,59727,55029,52937,50415,53579,54528,54084,45991,46453,48989,1440138
231,52861,60509,53471,52223,59916,62263,59398,55136,72254,62556,78889,72539,62353,63014,59527,56224,57732,47782,47157,49966,47982,52235,45868,48496,44497,1424848
232,53876,61706,54211,53513,56634,58840,62486,56486,72030,73455,66215,70350,55252,62808,77265,60727,55219,52822,53165,49913,55409,50238,48524,49067,49707,1459918
233,45931,59875,49276,48325,58845,60924,60614,52566,73504,69452,68244,67598,64543,61588,66945,57260,51717,53789,56370,52365,50555,47955,53880,51998,45906,1430025
234,48794,45549,55570,46183,43736,49578,57593,55656,72965,64567,72521,66359,68926,67733,65044,59614,55669,45914,54104,54512,49441,54047,50460,49219,42675,1396429
235,48625,47845,57220,52181,43852,52603,65448,61192,78267,81492,71016,72109,64476,63092,57780,60983,54949,54747,52361,55208,55312,46047,51850,46966,48212,1443833
236,52934,49849,54509,65313,51840,46538,53737,56801,76705,75668,66426,58266,59440,74152,56957,52958,56727,53901,47049,52862,50840,49872,46869,52400,55390,1418003
237,57350,59410,53429,55952,58858,52181,49236,58822,68406,68588,71391,70561,67352,67339,62031,54397,53283,62845,49106,51159,45852,53544,49853,48266,46899,1436110
238,55544,56669,46016,51393,58807,47387,43458,50356,80786,74163,69952,66230,63875,57921,69970,48690,50783,45943,46415,47010,46931,44884,44536,45283,47913,1360915
239,56492,57536,58642,47747,49992,57617,46974,49302,78029,65451,67421,65341,59551,56816,61135,50185,50828,50175,51269,48802,51225,52098,47668,43262,49083,1372641
240,51898,56191,55457,61331,45182,45664,45890,47679,67132,61519,67126,70392,68191,57889,62970,54742,55014,52097,43024,51868,50943,52123,43789,43850,45442,1357403
241,44022,53444,56301,62644,49493,49339,50362,45115,67643,73295,67620,54672,59714,75651,57863,54547,45047,48437,52292,51072,46136,48516,45107,39006,42532,1339870
242,54299,47381,53722,53841,54720,44517,46300,50213,71692,69215,70125,71467,59897,63755,59477,50961,51222,51761,51751,54230,45887,52129,45085,47844,44716,1366207
243,47988,42868,53959,52633,55971,48180,47409,47698,67358,70513,71864,71874,64801,58379,60691,53549,50598,51932,53325,50307,54222,49548,45574,40373,46708,1358322
244,49181,48996,60127,62723,58912,52061,48063,53931,74833,70004,65344,69146,77885,55852,52259,55635,54663,49111,50185,47336,53605,49069,48636,41974,42426,1391957
245,51437,50414,54621,55302,57007,47359,47518,54368,76625,72421,71472,69367,72776,61072,58808,59464,57064,53940,50917,50746,51875,49008,46488,45564,46124,1411757
246,51353,50769,50090,55463,56086,60726,48175,48754,75422,70810,62848,67203,63852,61471,56077,53217,53094,60771,52641,52252,54642,50929,48124,46272,48647,1399688
247,54037,59786,48313,51178,56007,60210,58691,46303,76274,68181,68256,78024,63454,63786,57551,56292,49969,55690,51683,48170,54776,47200,48480,42854,43296,1408461
248,50294,59501,49940,44574,52767,53327,58376,46408,74859,73231,71788,73747,66648,64084,60589,56081,57481,52801,49541,52396,51302,49211,47574,45210,49530,1411260
249,47611,54493,49445,44699,53892,56819,57995,50186,71794,71901,67527,70626,62474,62928,58759,56953,58777,47706,49971,51646,48797,49479,46075,45620,48495,1384668
250,47201,57372,48486,47435,52913,58601,57065,51005,66758,73359,78224,67286,63092,61399,52750,56220,53348,45440,47779,53980,52261,49022,45993,50466,46397,1383852
251,51626,50870,57061,47728,40661,49270,54121,55222,77277,68621,74563,68835,69427,60629,61014,54761,55838,55565,53943,55117,52454,50920,46256,46243,44958,1402980
252,44893,46595,56061,48015,42547,53179,55262,58090,72645,70015,71328,71485,59793,60768,58604,67756,53922,52770,50061,50740,49749,47090,45065,42845,45076,1374354
253,48034,42179,46638,55362,50415,44131,48082,59745,77321,72559,75210,67366,64547,59543,59805,57556,51411,50292,44998,57942,49843,51556,49444,44266,48812,1377057
254,48199,55083,46364,49253,56361,50952,46983,51545,70155,73689,71368,63657,71211,58402,61932,54212,57268,50640,51317,52219,53223,53141,50362,48189,44973,1390698
255,49765,54813,47588,48045,53281,48338,46099,53932,78615,67845,67009,68589,69595,59278,53793,57500,48456,53358,49786,50659,49906,45338,45677,43170,45659,1356094
256,49081,56572,59760,50908,50208,51754,47556,52290,78460,71450,75937,61576,56095,61510,48399,50110,43973,46022,48900,44833,52567,45953,43119,43142,42459,1332634
257,49559,52514,58895,59780,47995,44334,51112,39727,73877,63292,72332,62903,56655,61280,56043,50552,60800,48260,49617,41589,48703,51901,42145,41827,45268,1330960
258,46150,55298,52868,57116,48693,46622,46532,47378,66655,62418,68843,64389,60200,60335,58552,51088,64359,56137,49175,46499,46471,44730,47146,44329,42576,1334559
259,57021,50227,57411,55755,61525,50180,49752,52420,66213,73808,59687,61599,60889,54985,53921,66514,58020,50091,44211,53082,48140,47090,46944,41963,48237,1369685
260,50684,47935,52926,55106,58910,47376,46396,46344,69341,68078,59919,67725,69721,61399,57622,61250,47971,49479,50372,50923,47731,51093,47939,42107,47485,1355832
261,49761,43980,52032,56536,56579,46273,44297,46158,71819,68080,64248,57416,67138,53506,70945,57244,50992,50749,48818,53841,54350,46500,47872,45356,42721,1347211
262,46800,43738,52880,53204,57186,50562,49167,51635,75133,72562,69217,67140,70630,63750,68614,54975,53391,51328,46621,49207,51570,48087,45701,45673,49033,1387804
263,49556,47378,52191,54545,57834,59807,48733,51011,72625,64718,64783,60735,56367,72220,56637,51152,55093,50767,51518,55489,43682,47864,50193,43599,47570,1366067
264,50318,56486,47849,45350,54082,53308,54444,45124,78960,68967,76509,68501,62793,69816,56528,58407,55587,47685,50660,50311,48890,45934,47514,47564,47105,1388692
265,46384,54682,50051,42160,50180,51327,54276,43613,75854,67793,74850,71149,81337,58121,54934,53639,52267,50139,52212,51710,49778,43332,45715,49112,46655,1371270
266,44640,52968,43788,46879,54532,52939,49753,47140,72542,67067,63944,73800,74004,64967,58583,55128,45840,48518,47707,44704,48739,44991,48418,42498,44257,1338346
267,45560,54939,46472,48190,50228,53042,53257,47457,77267,73917,69325,78190,62061,62260,61890,50956,51211,48501,45074,44684,45243,49730,45894,42383,43693,1351424
268,48820,46929,51983,41853,41227,45840,50178,48911,73688,74963,65126,70549,65137,56788,63209,55365,50446,50368,53995,48629,48663,47964,42362,43786,41848,1328627
269,40418,47535,53333,45849,41379,48397,53159,56318,75481,67588,86059,65983,61937,56948,54842,52858,54413,54619,51891,49978,48530,48324,41873,44980,44158,1346850
270,45234,40603,47793,54318,47549,46340,45863,54582,72818,65628,72979,67396,64303,64868,62900,55041,49606,46597,52038,52775,48297,46146,43726,42422,43782,1333604
271,45754,46776,43203,48480,49612,47543,42129,45743,66551,79282,68287,71129,67547,62639,58156,52771,49829,48490,53208,50132,46298,50716,46239,46980,44387,1331881
272,55945,56931,52284,51188,53056,46439,48245,52122,83377,75876,62434,70441,59149,49798,55465,49061,51753,41846,42752,43985,40512,47137,42423,39811,39816,1311846
273,43900,52438,53961,50142,48084,54327,43522,39504,69760,70902,72832,65416,70906,56469,54254,56430,52508,42954,47466,46167,46141,48869,38709,39098,39931,1304690
274,44463,50421,50887,56162,47912,45208,45934,44919,73619,61273,71858,67510,62531,64033,54620,55348,45601,46858,48212,49020,48846,51059,39879,39253,42290,1307716
275,41402,48736,49269,55172,42639,44559,46798,41759,72396,64015,69542,69347,62797,59258,63310,55932,46611,50053,51473,49249,47282,44248,48740,44427,39495,1308509
276,48286,46828,50394,55275,55184,48845,46155,47326,71371,66650,59693,72027,67238,62115,64401,54480,53609,50140,50773,49596,46207,52280,41296,46174,43369,1349712
277,45414,42993,49218,54776,55660,47846,46141,49863,70852,68187,65168,65625,70274,68338,63226,53162,51827,48008,45715,46103,53315,44340,42327,40317,43741,1332436
278,51255,47172,51398,51938,57838,48956,44911,47586,71353,75681,68942,63305,67293,59287,58559,52195,49812,46788,50125,50241,45751,50854,45043,42487,42474,1341244
279,43984,47383,49450,52390,57658,49406,46968,52968,75769,68388,70725,62831,64433,65930,55734,48434,53842,48085,48709,46501,45958,46450,43093,46395,43778,1335262
280,46240,48043,46852,54634,52170,52913,46354,46963,72196,71091,68772,64842,63644,54807,57004,55372,56209,51501,49828,51150,53059,47617,44427,44552,43666,1343906
281,46318,51945,44346,45335,51583,52830,53335,51250,79799,71063,71065,62845,62580,60072,59730,51553,55938,55924,48831,51488,45941,48986,43324,44505,46433,1357019
282,47454,51201,45565,43097,52396,50180,51582,48317,76783,67270,70711,66730,61249,56879,52329,52159,63745,54461,46868,49266,50827,49761,42064,45920,46498,1343312
283,43025,50630,44283,42058,51652,52805,53041,45227,80228,66264,72223,65136,62471,59319,52614,64503,52203,46140,51153,47045,46739,47725,45513,42214,44773,1328984
284,44036,47473,44809,44583,48463,55146,53008,48582,78085,66284,71407,69242,64669,60459,72941,53406,51321,48394,49248,48318,44428,44922,44033,42574,44231,1340062
285,45439,43379,49816,41057,40157,50679,55066,55304,74748,68677,68953,61839,56862,73978,60242,54928,52842,49685,50296,50939,53315,52143,41416,41160,41922,1334842
286,40838,45638,54215,46929,44009,50968,53796,56913,72260,73528,70122,62011,70448,62666,56739,52186,46336,46418,48448,52421,45417,46368,42140,44126,44420,1329360
287,45656,43100,49696,52585,51134,47368,53424,57448,69273,64583,64880,78434,65585,56809,54024,55742,51819,51981,47972,45962,44141,42927,44249,48775,47123,1334690
288,44864,48128,48498,50423,54435,50195,44205,49367,67320,58235,81050,64551,59553,60825,54663,56196,48963,46564,45453,50330,46226,48718,45402,46121,43932,1314217
289,63961,85040,104960,100955,96928,92557,86234,80280,80118,89643,82752,86028,78905,75089,73344,65395,62849,66814,66715,63944,63287,71041,75021,68076,76813,1956749
290,92106,80281,79930,90401,77603,75925,81490,75185,79620,78049,74383,72542,86273,77416,75416,68876,65436,73381,82738,77237,75681,87755,85803,73550,73224,1960301
291,77511,88718,88112,100876,86278,85033,79993,67466,75807,72633,75413,83100,74354,63206,68003,62874,60319,73826,72029,74986,73045,76139,78892,76974,76763,1912350
292,77934,95271,97293,89513,90494,82283,76488,74376,86541,76235,76330,72369,68433,75729,66383,62812,61050,48372,73386,72113,75626,74539,75376,72859,71333,1893138
293,63450,92072,84093,84335,80342,89269,80867,79755,79634,79390,77634,74675,71398,71263,74393,73013,64586,54375,77934,81049,74564,74605,78760,80156,74621,1916233
294,79108,100479,99646,96221,90511,86176,89541,73290,78547,78710,76259,79948,76224,69734,72454,65194,57554,51545,57099,76483,82621,74281,77389,73667,66676,1929357
295,106552,93711,102115,89057,80787,89211,79317,77513,75009,78389,81666,76227,72864,76411,69499,60396,63633,50167,55620,59680,83538,86614,81280,80297,78915,1948468
296,103114,93303,92644,89071,86249,81519,90580,83501,78646,87565,83936,82803,74717,72864,74486,69938,70503,77680,49165,49634,55306,90073,79676,78716,81977,1977666
297,95988,99530,95591,103346,92788,92693,83475,80737,88575,80749,81288,84571,74742,81097,75516,65700,68091,75088,50474,50786,49596,86507,82739,76607,78641,1994915
298,111187,105184,108199,109690,93015,94557,87806,94529,86579,84114,81883,83402,71158,74764,76665,69184,68100,75293,49350,47436,49347,80684,82110,72377,73855,2030468
299,110843,108399,106983,99018,97686,102506,90503,82844,87564,87992,82599,82723,82603,67861,78583,64006,64991,52770,80578,52636,48666,50235,85274,80286,69831,2017980
300,126667,110732,109154,100933,105931,93980,88252,90545,88220,85201,89825,79722,80536,74969,69271,67509,64189,52042,54720,78638,54450,49749,54572,91150,81113,2042070
301,149499,111858,116139,110797,106433,96442,97184,91246,95243,83127,89922,77541,79122,68029,68447,73194,69519,61309,57260,54495,89006,47337,47933,47505,86275,2074862
302,121273,125982,120476,113816,94429,105786,105355,99089,94636,90391,85730,83026,77970,77420,74769,65887,66741,63155,56566,56374,86433,48655,49785,53587,83885,2101216
303,113055,133508,136545,126310,114757,113323,103833,99835,90531,91670,87732,78093,83186,80163,75544,75034,72707,68841,60527,52731,56673,79013,46945,46430,48044,2135030
304,130516,125794,135146,124906,111538,100080,94756,92793,90278,91086,81954,74209,80565,76237,72457,67538,66606,74809,67129,60188,54304,78167,45182,54666,51605,2102509
305,115229,126543,123172,126904,116159,110790,99413,95050,98780,85947,84380,80393,72667,77349,72333,63250,69055,70593,59660,45489,45638,75704,46706,44062,43846,2049112
306,57470,75932,79655,79635,81435,88051,87456,83990,75113,75820,77696,75887,74242,69436,66988,59900,54274,74804,56748,58921,61058,69452,67228,60172,62675,1774038
307,128283,93554,89362,90311,91858,85171,83416,83264,85020,76125,84481,73462,75945,76373,69812,59549,73832,91356,93687,82728,81394,79798,68906,69921,73201,2060809
308,88733,87070,82911,85168,88249,85117,85413,83423,84017,79296,78813,79296,76566,70400,72509,59549,60593,66013,71936,66852,71878,66191,59569,62267,63969,1875798
309,82204,102201,90589,98588,93086,94392,90860,89227,81530,83958,82515,74530,76166,68504,65892,59129,57299,44640,71495,73393,71159,63173,71027,63964,60186,1909707
310,88366,101600,94775,97918,92926,92160,86641,93339,83104,81950,78683,73180,74261,70394,66202,63141,59472,53350,75991,74729,64652,66986,66889,65099,59022,1924830
311,76965,92548,92300,102619,101700,88696,90696,77845,85316,73121,79112,78073,73469,65994,67551,62807,60693,47629,50228,75272,69132,64281,60805,63531,59710,1860093
312,112493,102460,101334,106816,93284,93724,99647,98239,78927,83615,82092,79307,72291,76376,66043,72398,70251,46708,52449,47987,79042,70909,60718,59599,66017,1972726
313,116761,106977,102167,102174,106157,97678,93995,94257,88835,81666,79277,72780,76087,67713,67103,66167,60897,58222,52516,47591,48731,71026,72833,58795,62976,1953381
314,114340,110997,106804,110637,103017,93918,94903,91193,88659,80905,80655,73416,67862,71441,66318,61707,61634,70716,47588,50727,51458,74750,67415,58768,60944,1960772
315,106861,102710,106583,108778,98091,96669,94989,92510,79406,81021,77784,80747,79703,73980,71260,64760,67278,70542,48397,47368,49950,62050,70156,64631,63483,1959707
316,93774,115288,105597,110418,102838,99831,89273,84827,83081,80293,76693,72200,69318,75805,70235,68931,62567,46082,63417,47223,45611,46049,67705,65979,61348,1904383
317,96640,114753,115468,107750,102194,95421,82907,84308,85367,78304,76877,77606,77819,77985,69439,66056,67440,52263,63320,68541,54095,54191,47525,67323,64344,1947936
318,99890,106428,108998,98796,92397,92540,88418,85288,80599,81181,79779,78198,73923,74752,70992,62850,64942,55220,63393,53283,74064,52273,46834,50249,72243,1907530
319,107069,114092,112689,96497,104780,91635,81344,82179,86653,79406,76034,78112,75764,70521,71400,64862,66674,73775,60651,59742,77080,49484,49477,52933,60711,1943564
320,111526,113768,101022,126864,108332,95097,91720,92299,84908,85622,79933,80508,73115,75744,69679,70207,61378,71056,62412,56259,57343,74010,52500,51496,49378,1996176
321,115542,102055,123299,110199,96184,103563,90577,87945,85663,84797,89053,84658,72652,73985,67783,66458,66906,71977,69440,59144,55527,70526,50723,50120,44530,1993306
322,87063,111994,107836,112348,102417,107519,95776,93839,81080,80706,83392,71124,72056,73370,71041,60312,68143,69468,56608,54380,53708,64138,46278,42927,41525,1909048
323,58700,80212,84387,87844,83041,84002,89010,83771,83029,70754,71527,73490,77247,67617,66952,62072,66080,66679,57367,55709,59899,63974,58689,59157,58632,1769841
324,168496,95402,93961,89835,91182,91678,87262,93278,75214,71736,75030,85673,74927,72907,68874,70188,68664,85220,79666,81225,75042,72913,67395,65735,62056,2063559
325,91095,90146,87905,89409,90562,88484,85173,80777,72371,76187,72389,72642,70956,78093,70684,68015,66060,61650,61030,62143,59679,62414,57466,59840,61936,1837106
326,80613,98608,99201,96602,91100,96029,87816,84446,74020,78887,76830,75490,76989,73409,68983,73608,64400,47979,67053,65957,60134,61390,64920,60158,56413,1881035
327,86112,92976,95512,99202,88611,92209,88940,79282,70375,69868,79537,83521,76924,70335,67874,73910,62852,55932,64655,64125,66029,59681,65140,55832,57095,1866529
328,82469,95860,114895,103822,100639,93042,79976,79421,71586,78722,78159,72130,70245,69436,64330,66635,58147,52712,54058,74467,67258,65220,64379,69328,65700,1892636
329,102269,98824,100031,106312,89281,92220,88325,81582,76567,84738,79957,78839,71016,73944,66609,64985,68322,45481,56206,52914,71451,69584,55325,53751,65101,1893634
330,104453,98864,110602,98554,86674,85500,84138,84151,76448,78815,83146,79637,79206,74942,68354,66668,70372,56271,52602,45187,47721,63978,58484,56397,56074,1867238
331,105975,102824,101197,104402,83821,87711,77367,77926,81468,77626,75181,75570,76495,72403,69152,65212,62648,73258,52299,55740,59910,59819,63085,58357,60042,1879488
332,96004,104460,106533,101365,100747,85981,80711,80091,74725,76737,82326,76895,67148,65823,66961,71313,58667,66075,51133,47690,52067,63641,65029,59416,55198,1856736
333,78069,109997,104185,93323,94246,90359,79851,88518,87261,83321,78336,78614,70199,70609,67513,65188,60731,49357,60622,49918,46867,46491,63645,61460,56216,1834896
334,102856,92611,96207,88785,86767,81096,87551,83536,76577,80083,76337,83780,75932,73417,68368,68367,64401,51164,63999,66218,58112,51539,47692,64338,60119,1849852
335,77534,100106,98462,98257,94019,90007,90715,86904,80801,76424,77252,71089,76033,71566,72474,66818,69289,53451,64098,49487,69698,52026,43970,46734,57501,1834715
336,93464,107604,105998,104355,93080,87904,86971,86373,83383,81188,69985,72264,74988,69349,70695,67709,61801,69541,52538,52829,73572,49916,45987,51024,64666,1877184
337,103045,100296,104935,90651,100767,101926,88937,86378,89473,80263,78075,72561,73328,72417,73430,68319,66799,54403,60839,57122,50669,61788,45590,47689,44743,1874443
338,84859,105921,101583,101757,96045,94180,91745,81293,88145,77849,67091,75871,71122,63953,71970,67129,60874,73343,61493,53639,50543,59579,47002,42568,43365,1832919
339,84408,108699,106243,108874,112281,101497,89716,86563,83610,77986,78823,77685,72617,62883,72401,59930,63623,65521,61711,48900,49239,56008,43937,43217,42714,1859086
340,64030,79671,87641,93454,85738,87576,73843,69886,75822,73486,73651,73808,66281,64156,68512,71242,63459,59292,58166,53174,55570,54106,53594,52817,57488,1716463
341,155999,108634,97850,93860,93514,93617,76534,72796,79587,75074,74801,69420,76863,79339,76505,68789,66792,85651,76068,70779,71126,71671,65018,61796,67297,2029380
342,92445,93883,84194,86058,86689,73798,73895,71987,74792,74742,77380,67980,64123,68660,66818,66465,66137,63202,58782,65095,63782,64696,63316,63850,67005,1799774
343,89596,100854,103166,104065,88801,78068,80875,79681,73995,72799,75538,70440,62259,69076,70240,68491,59193,52172,59379,64331,59433,60135,59079,57587,57393,1816646
344,86810,102109,100755,93533,92507,83703,77244,80901,77416,71927,69372,66153,76904,67123,69175,70212,65837,56861,61613,64391,60859,58961,62519,53942,56221,1827048
345,79715,92778,98621,105663,87299,74910,75215,80721,76799,75358,71508,65745,64904,68157,70425,64700,63367,51986,57920,67530,71575,63159,64841,76369,60664,1829929
346,92487,107754,98621,92986,85475,76688,78828,84348,78595,71595,68284,68018,70135,72311,75969,72824,71349,46321,58041,56234,55270,56999,52555,45224,52965,1789876
347,98133,96295,104003,91604,93301,79721,81016,81166,75961,76356,67604,75139,68666,73354,60564,69816,71608,58190,61205,47844,55141,58101,57682,55179,58496,1816145
348,101266,93525,95448,93215,86442,82358,79321,77592,79817,69282,76084,72536,75299,65484,70208,62404,63351,66336,48420,50311,57825,56822,59460,55799,54403,1793008
349,88311,103885,99664,98465,84355,85213,81087,76775,76279,72851,65102,63023,73228,75212,62931,66275,68024,59078,49058,48700,50582,61889,60813,53480,48049,1772329
350,69465,83065,93863,86175,85631,82597,73704,82282,72316,76389,69746,68002,67615,63869,65908,64950,62092,49875,63662,55010,47869,51027,58007,60598,52711,1706428
351,93909,93612,91283,100551,93397,82639,84309,80989,73530,75665,72620,72249,67608,67806,70394,64631,66167,43717,60092,63944,59119,51151,49907,56330,55603,1791222
352,78707,91309,82937,84624,87769,83232,84378,76291,76022,77274,83456,78309,70265,75226,66520,69804,67190,50686,59086,49240,60812,51842,45502,48385,59315,1758181
353,84131,94475,100764,90200,86722,84159,91044,75009,72461,78252,75391,77443,77061,68470,72246,72610,63055,66169,50775,48371,63296,47563,44596,47625,57354,1789242
354,90523,97729,106582,95076,103700,84094,75131,80720,71553,78916,72226,77188,65645,65368,66685,67392,60591,60353,60670,56065,53074,61157,56005,47307,55573,1809323
355,82521,99581,84462,96163,87421,89305,80876,85283,81886,72548,79677,71805,69904,71789,75130,70667,68874,71340,66615,53982,62559,59033,47876,43080,49883,1822260
356,87540,96601,93072,100159,89348,80161,83232,82566,79255,80929,69610,71947,66336,64484,68238,66909,66175,62812,55864,47571,54876,58655,43873,50284,46746,1767243
357,65186,85362,88000,81981,80906,74854,72546,72264,67793,62662,65310,64616,66492,57956,54026,59766,57720,62860,58835,58535,54144,56946,54332,54564,60595,1638251
358,176661,88168,91063,97741,85911,76235,76991,76208,71576,69181,69545,67196,68042,61077,68121,66530,59923,83781,75099,71555,74669,68787,64542,64605,61580,1934787
359,101265,92921,88005,83943,79479,80843,69060,74838,68563,67974,66437,67967,61732,63320,63667,60366,59738,62746,62398,63552,59055,64188,60882,59327,61882,1744148
360,93128,98743,82137,82328,83535,75999,72709,74719,60318,61084,65007,68021,67692,57373,60586,58646,54516,50179,61803,62781,57475,50494,64779,55877,51409,1671338
361,77718,88253,99851,90986,82895,82351,73633,70553,67828,71908,66314,71988,60680,61205,62318,57084,55281,59242,59377,60859,53065,58333,63560,50889,54724,1700895
362,78534,84361,103331,84474,84754,77540,77044,76139,66711,67834,73007,66274,64106,60427,64560,62711,61251,48702,52480,65154,61843,59343,61081,61833,52799,1716293
363,94826,93029,94407,96399,86775,78613,78081,75116,68606,66226,69619,61337,64273,68089,62546,60419,61245,50349,55858,52350,56947,52740,54320,55069,60434,1717673
364,103677,94861,92001,95070,86226,77822,73414,70005,70265,67719,68753,59897,61259,65379,66240,59022,64745,51937,51964,50175,53433,58865,56094,53817,51600,1704240
365,104202,91656,97235,78468,85769,77838,73589,78703,69827,76343,68072,70191,69393,65031,66699,62070,61282,67739,54619,55690,56530,55074,58477,54143,49215,1747855
366,82434,85182,97947,95265,84285,73289,72434,74564,69861,76030,65781,70412,65538,61668,58847,58548,53740,59117,47196,49957,50280,62671,58540,47975,53855,1675416
367,72665,88466,91454,85722,77359,83003,66180,76848,72234,69914,67207,65480,66421,65593,56834,62160,59135,44291,55116,47773,46765,46495,55851,53972,47709,1624647
368,83633,85560,83617,87966,75535,79253,77858,82760,75037,67854,64323,76496,72484,68466,63399,61235,67689,47393,59741,57167,54183,51826,46366,48440,51145,1689426
369,80191,88827,94228,88094,78895,78879,83552,84428,74374,77246,70558,70791,70612,70591,66059,64586,60100,46090,59980,49184,57799,44912,44674,42403,51960,1699013
370,83336,95441,91827,89193,88733,72593,74097,80710,77542,72518,71354,70019,75179,70471,66540,62474,70423,63573,49547,38546,60726,44299,42751,46083,55890,1713865
371,84418,88307,102097,96055,103452,74314,82431,81281,80288,66956,69730,70107,63299,63970,61924,54387,57347,50624,58821,49530,49595,54584,49935,43991,51507,1708950
372,82786,94293,93148,89834,81995,78870,80493,75458,81151,70397,77209,70422,71961,69520,61716,64913,65086,69933,56313,49152,48703,52749,41821,40919,48047,1716889
373,82118,98608,90195,84506,78212,88447,85663,82186,70873,64055,70970,66557,60437,63178,56969,57326,56870,67623,57840,51641,47274,56535,44357,44087,48307,1674834
374,65090,76179,86152,74153,72518,68950,75902,65809,68013,60500,65687,63213,61029,60092,58074,59459,54888,61005,58792,55312,55850,62156,53109,52610,55057,1589599
375,181497,104984,91910,92140,82380,82049,79673,73858,68580,68525,63833,66315,63929,61911,60356,63377,54671,84789,78025,75226,73766,74746,60293,65493,62189,1934515
376,112004,94427,86941,73321,70294,68339,68107,68617,72946,62811,64134,64014,63890,63582,59170,63471,64234,67278,63225,62152,55107,60599,55271,55723,55310,1694967
377,87016,89108,81159,72865,84925,76603,65932,73994,65112,62111,61802,59675,64972,65883,62589,65946,64534,45619,59067,58632,58436,54609,51311,52538,50486,1634924
378,96749,89162,96791,91490,82434,66909,68836,69020,80960,60198,63886,66470,64385,64894,59500,63058,57236,62782,58759,53850,54587,51182,55742,55363,57802,1692045
379,71851,78977,88497,83193,78415,78299,70045,74717,71500,69175,67034,68882,65900,61050,63630,64739,59590,47752,54963,55065,54314,45385,49110,54598,49300,1625981
380,83285,87018,81513,79125,82566,76422,72034,74150,66809,69212,66588,63947,67217,56969,67046,57370,61635,50907,60515,54825,54232,52487,49676,46590,57171,1639309
381,96880,85327,89042,77322,84677,81434,78779,75998,66742,64453,68660,64856,64715,56803,62925,62282,53339,51386,54636,47349,52685,53983,51283,51370,48037,1644963
382,105666,89737,75356,80693,80070,74797,83797,71420,74186,66732,66960,66220,63253,59278,64851,64702,52244,69147,54765,50878,52797,52011,55887,57610,52699,1685756
383,79271,92491,84488,85247,75185,69384,79186,73871,65157,61242,69074,66091,64245,58735,60241,58929,62070,57943,46149,51754,50832,53054,57269,50307,49142,1621357
384,69698,86440,102559,82769,90810,73740,67817,74664,67661,62872,61102,63778,66655,59718,65994,61565,60207,49445,55871,52567,48238,51753,53230,52805,50544,1632502
385,76155,91562,86094,81446,79895,84034,72872,80691,64863,70879,69969,68496,70674,67402,65226,63327,61472,41221,54619,46224,48481,39965,46796,50094,52484,1634941
386,70200,90927,87129,83389,77926,79690,74401,71585,64649,65594,64346,54378,65135,58721,63236,53179,61557,50831,62173,50803,58921,48714,48349,53860,62429,1622122
387,79565,83118,96724,87169,69442,75912,80782,69759,66400,70238,66656,63690,66413,66557,65084,58001,61951,58080,48571,50548,50191,43227,50978,46926,54700,1630682
388,78651,98675,90829,87159,79122,81094,79069,68317,67198,60883,59022,63850,62484,58570,60840,59045,59888,50507,53928,47828,50811,54362,49560,46435,46688,1614815
389,73977,95713,89134,100911,84752,81866,62373,71789,69786,63616,64885,65807,56109,69100,63964,51494,55186,59146,57489,49212,46392,50631,40059,41786,44535,1609712
390,67974,87828,98635,81172,81706,78405,72199,70573,71576,61237,65664,65397,61939,61037,57578,54895,58811,62216,59887,49986,47478,57511,46474,47901,50387,1618466
391,62928,84196,77809,75983,75070,79810,69918,63162,64091,58677,61147,61889,65796,57959,56809,55325,52680,52150,53873,55158,48067,55047,55475,52175,51705,1546899
392,190444,90365,91138,78349,68082,71063,69723,66661,64516,64970,68017,62518,63005,65654,53102,57857,65012,76492,75495,68779,70332,71195,64636,59071,60533,1837009
393,90183,82035,87354,73117,64759,66943,73107,67934,55388,65377,69250,61250,60077,63466,58703,60493,62194,64160,57642,55662,56631,55520,55183,55574,55515,1617517
394,80433,92490,80038,86836,73614,66041,66549,61843,62376,68637,67604,62988,73751,64765,57649,66158,65066,48092,51093,52271,51187,48674,51124,47320,48157,1594756
395,82963,79267,77865,82817,68789,65231,66793,70288,58505,60772,62938,58672,57300,58406,51937,60361,53627,65094,54467,54600,50379,55784,58890,53860,54680,1564285
396,92339,73907,85115,83370,70141,71091,73389,69732,62314,61984,63090,59743,61004,62145,58575,56692,52752,49421,55507,61083,56311,48046,53308,54233,50182,1585474
397,73910,76431,87577,77199,79895,67203,74818,65211,61006,69635,63786,65905,58056,52661,58552,64349,52380,49999,60268,52685,57784,52344,49105,50500,51772,1573031
398,98415,87405,78325,84151,69864,66178,65004,61758,67077,67705,60045,61744,66333,51482,59569,60188,55069,51239,57526,50217,52417,53113,49389,48322,42636,1565171
399,105521,76116,81029,76857,75443,75789,72580,68704,59098,71114,58728,58786,59546,69970,65706,60326,56332,62184,47840,53376,54918,48903,47031,45678,47683,1599258
400,70154,87037,83919,80850,75832,76957,75240,66613,67230,65964,67998,63945,62126,58754,58458,62154,60053,55882,50550,46787,46046,51219,52413,50418,51273,1587872
401,76092,80994,81456,76711,73747,81568,72290,69155,65805,63406,64377,62932,56543,53904,62624,59859,61764,50631,56020,44559,47730,49635,51332,50759,46605,1560498
402,73675,86576,79581,81943,77741,79716,74487,78523,65000,73645,69934,59687,58925,60911,60033,59416,58729,48625,54288,49888,51248,47838,48571,49780,50826,1599586
403,75364,66208,67862,80040,71137,81038,70998,77063,63298,64132,60821,63296,60279,55869,60016,59328,58797,55129,55577,52244,62495,42965,42158,48342,54269,1548725
404,78079,76883,82765,74020,79667,79507,61831,68926,63981,60944,65247,68362,64429,58998,53608,58651,55612,60147,51449,48120,49034,41536,45351,45580,56589,1549316
405,73736,80116,81897,81564,81383,70756,74339,67727,75027,62322,63176,63831,54460,62155,57861,57878,56195,54398,48996,49107,48640,51302,50023,49129,45496,1561514
406,75946,84901,83111,81331,83522,74265,72784,74744,66836,74939,62580,58830,61750,60000,60150,60379,58896,61774,46468,43590,50685,51768,44550,41871,46165,1581835
407,68593,80602,81158,71940,78677,71227,72590,73129,69305,61764,65792,68757,60756,60604,59725,52087,54138,51035,49151,49472,43043,52829,47307,43759,45189,1532629
408,65697,76997,76497,74542,64134,62351,65347,64313,60100,60225,61012,57029,58307,48582,57491,56666,61165,55526,49459,53529,50863,60080,53003,51866,50808,1495589
409,180940,84453,79815,71380,78686,64828,74236,64546,61253,66073,62008,61099,50998,59007,64095,56480,52173,69566,67904,60747,63274,64354,53876,55639,60491,1727921
410,99555,86071,76406,74319,70043,63007,65957,63249,56202,62005,60295,58253,53220,64921,62403,60465,53613,53283,49320,48437,50450,53824,48981,51743,48452,1534474
411,65879,82965,78965,69501,74231,77024,71392,67525,59884,59115,58984,59394,57178,57023,58783,54160,60966,53807,53708,49976,54130,53344,54092,52507,49294,1533827
412,79164,85412,74657,82174,66261,70233,71292,69563,69037,57169,62258,59748,56196,55814,56357,56838,55201,54711,48521,48927,48725,48076,56817,48837,44322,1526310
413,90937,74288,81482,73117,66407,66896,64957,59099,67806,56777,62699,64364,57082,61254,50954,58773,57873,47064,53987,62386,56393,52761,47923,52396,51367,1539042
414,67355,82067,85399,73737,77772,72597,70380,66391,72448,60412,60249,61580,62984,60876,54888,59452,55123,47531,55916,51859,56426,49259,51160,49344,49280,1554485
415,87527,80805,72577,71232,65666,72324,60771,67115,61682,63263,68834,52239,60701,60147,52102,51542,60940,49169,59027,53382,51866,55514,46843,45669,47769,1518706
416,95422,88151,83881,79031,71930,65288,63397,69738,63597,52798,65620,54109,66153,56619,50948,59135,55303,54398,46209,45815,52530,49601,50599,53631,52850,1546753
417,72637,78578,77190,73570,67583,76257,67379,71430,64585,61992,60770,58467,58506,56684,58164,61026,52265,56473,49478,46060,50089,54328,47886,50492,45072,1516961
418,78363,64847,86315,74612,78138,70163,67946,60058,61989,60222,56931,67300,66754,57055,60036,61600,62905,50211,55454,48204,47929,48410,53702,52350,48967,1540461
419,68982,80667,83944,82804,81058,73254,73064,73721,62531,57185,65566,61239,60392,53154,55674,57563,56538,45477,50014,50466,53252,45349,49327,47553,49587,1538361
420,63895,82595,79958,76933,73106,66421,65479,65515,65823,65758,60317,62161,61348,55556,60061,54504,56661,50471,56006,45239,55015,47569,41205,46175,53584,1511355
421,67039,77885,85361,81491,70366,73368,76164,61376,58730,65628,57523,60324,55887,55550,52215,51418,53821,58827,44884,51880,52822,44521,47364,50101,56058,1510603
422,69355,82973,78926,74964,73645,70339,69166,66889,64792,58556,61057,58077,61073,59279,55340,54432,61705,48631,56267,53565,47153,53650,48321,52022,53203,1533380
423,73660,84118,83753,86185,65774,72601,67631,70983,60710,60859,57604,66061,59089,59068,66783,55196,54483,57990,51847,47441,54563,51533,48779,48404,48643,1553758
424,72426,88841,79836,72540,73635,61175,68230,62006,56883,64707,54590,55882,61308,57827,56800,53544,59297,57605,56709,49043,51354,55423,46909,47191,50915,1514676
425,65613,72319,81803,62091,70215,63915,66772,57837,60623,56880,58475,58658,59790,55772,55101,55715,57563,58608,48304,52133,47377,50997,47286,51834,53003,1468684
426,177076,76926,76653,79113,78970,67903,65221,69583,63403,54048,58658,58467,62236,47525,59610,52223,62939,72640,70980,57276,54531,56504,52090,57841,53623,1686039
427,89826,79629,63735,75526,68258,66249,70909,63269,65137,57699,59786,56716,57120,54959,58126,54839,57812,56934,51368,50481,51791,58064,54011,56982,54144,1533370
428,66945,81540,78943,71490,72786,71569,71388,65834,61573,61540,55787,61180,57498,55049,60787,52571,53284,49138,51985,48958,49375,50838,61195,51959,51306,1514518
429,83283,78607,83923,70381,68163,60969,69381,57968,59890,58991,56142,58333,55213,52602,50715,48934,51417,57053,52521,47005,47652,46122,56812,49960,49039,1471076
430,85015,71721,71885,65933,67000,59282,68547,60592,54123,56150,52300,61819,58742,54190,62791,46316,52914,49166,54622,51357,52641,52607,54608,57531,52476,1474328
431,79628,74787,67465,71111,67923,71591,69524,69158,61780,62705,57561,61443,61236,58341,59319,49963,57839,51194,59023,55728,55158,52886,51231,52574,55489,1534657
432,82662,89309,75032,70148,67246,63578,61630,58197,62216,57791,58828,56477,58211,53577,50719,56903,53275,49088,54601,48424,47054,49636,50268,50572,49933,1475375
433,74350,85400,68556,77023,71417,62577,63588,68527,62307,58949,60500,56297,60708,52326,56819,56764,50997,56959,48885,47005,53460,44804,56317,49185,44520,1488240
434,65971,78980,68437,70156,78256,71738,71525,65595,62229,59420,61624,56399,54231,56400,50814,51661,53454,58277,47472,48356,51675,45993,49964,44977,46119,1469723
435,68951,70307,77671,71267,71655,65486,61589,65904,57927,57167,58787,54976,51052,53711,51605,47372,55789,46717,53589,49301,47255,46522,51588,52497,49047,1437732
436,62179,78310,72707,66002,69416,63689,67700,64664,58039,57348,58684,57782,52116,54978,54084,48438,53564,51181,56133,47739,51117,49771,48771,51330,51998,1447740
437,66776,75171,82669,70277,73929,66028,73083,63788,70504,58486,58254,58544,56909,59003,52225,53965,51055,47477,54322,50861,51499,49674,43071,50325,52892,1490787
438,90169,83828,88543,75445,66977,73460,68198,66597,65620,70010,61768,56777,59733,55626,55861,53374,51154,57862,50450,53625,52995,42215,45918,45465,55233,1546903
439,77725,73840,84517,67505,76331,68620,67229,66159,63629,65060,60433,62064,56254,58512,58790,56369,62903,47671,50367,51995,44694,42926,42066,46311,45780,1497750
440,74827,91008,82069,85172,77275,70426,64728,59449,57633,60027,55602,51243,54848,50260,57546,53591,53849,61883,49433,46535,43138,50060,44424,43083,49063,1487172
441,66449,83283,80440,81824,68671,67505,65487,71218,59908,64363,61592,49362,53943,55904,56380,52944,58614,59140,51018,45774,46838,52192,40594,45740,48932,1488115
442,72716,79401,65942,72510,65317,71279,62975,62382,56785,58715,57430,53692,52976,54407,56348,48417,53079,52758,55406,51013,49296,52518,52911,51563,53614,1463450
443,165604,74384,76374,69812,61056,64861,63867,59880,60959,59897,55602,55019,55562,51671,55127,54925,57380,70344,59604,55189,48711,58356,53809,53621,55049,1596663
444,94841,88134,70354,77921,69688,66605,66436,58661,53835,60871,58344,59670,54835,54007,51633,54634,52975,54976,47928,40826,46207,55800,48639,51727,48373,1487920
445,61548,73642,71900,66818,68450,63965,62270,58481,61798,55202,59932,58586,55372,49690,53084,53560,55970,53691,52387,48927,52428,51000,50352,53668,50083,1442804
446,85506,73676,70897,70440,67433,64689,62739,67550,60620,56178,63146,52601,59161,50853,58419,51992,52005,54469,47816,47464,48884,46966,52381,45399,51656,1462940
447,67319,73023,72334,73573,73203,66272,61280,59658,61775,62393,54908,54015,53756,54845,57204,61004,53856,50959,52215,52011,57924,50847,49353,57629,49858,1481214
448,65141,77773,77683,76382,72306,71094,61920,55909,64362,59145,54042,63703,57227,52523,55933,50920,50624,46766,54739,51873,49916,50901,50377,39656,49978,1460893
449,79610,89845,77185,68357,70052,69374,57325,61071,56635,59607,58968,54616,50196,53716,54904,50073,47349,55435,55997,50553,47318,52141,48109,45741,46265,1460442
450,70090,80362,71940,75155,64201,65256,64971,59214,58817,55663,55434,58117,50220,55235,53386,50944,52544,52992,49903,46499,50514,51754,45330,41979,45642,1426162
451,62046,71853,68120,79107,62753,71727,66006,63379,63023,62512,55813,61269,51852,54105,54532,50539,53698,58038,47455,50910,50592,51228,51031,46812,46757,1455157
452,73570,75983,80810,77794,78466,68636,63811,64246,59607,60073,55401,56123,55767,49799,48191,51187,52873,48717,50529,49513,50052,46420,43574,49957,47262,1458361
453,61934,82762,70562,78304,80456,66283,71806,71118,53046,62923,60298,55858,57451,58896,48893,51528,56937,45986,53337,52406,50600,45279,49425,51647,46640,1484375
454,67393,79690,74331,80781,71890,68951,69722,68532,62808,65075,62455,64721,57830,51492,57919,45995,43975,47245,52979,48879,51191,44965,47174,48215,49385,1483593
455,71290,70232,82975,83676,76786,60755,75554,59158,57837,60345,52383,54145,50036,55794,50583,53222,50917,56389,48004,47453,50241,47931,45202,43250,48442,1452600
456,67070,79341,79880,77225,70440,63528,68206,66850,58685,60818,61971,66623,57939,60574,56945,50083,49798,51823,54356,51641,47903,53720,47378,51491,50313,1504601
457,67319,85473,81009,73508,70224,70201,60420,70141,66179,61116,60886,58828,53035,50827,45154,49389,53062,55805,49591,50175,49306,51617,49458,48994,48456,1480173
458,58942,78319,76321,77513,64402,62605,64400,58990,63582,57766,60784,55852,53262,50291,53518,50524,48282,57317,50037,52319,48241,52054,49242,42592,48944,1436099
459,77750,70538,71855,63202,62830,66405,62006,52561,59895,56613,50517,55529,52074,51766,47481,51344,54404,53083,55665,50994,47951,59422,55793,46975,51667,1428320
460,149681,72221,67690,66891,58571,67321,62013,56984,64691,52845,49154,58359,50012,53480,47824,48772,51271,63967,60807,54650,51343,55776,50085,55719,54620,1524747
461,75600,76104,68992,65267,66520,60506,57573,58655,61279,57588,60211,53173,51901,57344,50793,49996,52008,51057,52803,47859,53743,49837,55480,52483,53085,1439857
462,71582,69874,72765,70410,67791,65101,59404,64078,60923,59327,55562,58371,49181,57128,50731,49762,53082,46792,55600,47241,50802,46009,59292,45126,44591,1430525
463,75873,71258,82469,72005,67056,70201,62477,54014,57241,51396,57808,54267,53745,53304,51398,51097,54124,55419,49594,48109,47300,50577,51848,51257,49323,1443160
464,63076,67519,74817,66320,64366,65750,62979,61552,59136,54674,55296,53837,51431,53686,57535,50410,54643,48818,54692,50174,53551,52245,45213,56373,55058,1433151
465,72514,80886,88846,76779,66811,75037,62952,65957,65639,59938,50740,55473,53059,51443,52922,50341,51910,46466,51772,47210,54998,51106,44596,49158,50912,1477465
466,78396,70901,68046,68785,64787,70241,65419,54450,60832,54735,49606,50345,55922,51857,55569,51901,46522,48546,49339,46187,50783,50463,48304,46349,45387,1403672
467,78151,76600,70157,75762,68932,64850,62386,62118,53987,59529,56520,61123,51653,46684,51807,52081,45184,49214,44128,46890,52423,55070,54308,46781,46978,1433316
468,73872,68699,64950,80676,67870,64101,68428,57469,67742,57063,60007,55086,49070,51086,55122,51536,50084,50231,46804,48272,51337,46680,48836,50381,49145,1434547
469,72292,75997,75333,81206,65590,70862,65698,62401,68352,52764,55062,50272,54367,47464,48522,57112,50777,46462,49187,48359,47298,46162,50479,43198,46809,1432025
470,69540,95426,80096,78622,66692,69052,63819,68745,58792,54351,59275,56942,54402,53499,51839,56544,50287,46581,47799,50170,49913,45757,48679,51247,49993,1478062
471,66757,82613,71375,66097,67671,62053,65425,64296,54916,55916,56523,54404,56680,53063,49152,54809,52859,50938,46132,44693,49002,48414,41608,49106,56829,1421331
472,71630,91469,76160,75958,74068,77994,75189,62099,58328,59681,58875,54804,58463,55440,52019,55389,48121,51471,43691,44247,47919,38998,44242,45025,48749,1470029
473,72907,72594,82421,74846,64473,70211,65835,62693,57740,60255,54920,50277,52794,52560,49560,49506,41851,49790,45584,46579,48383,50640,48310,44966,53694,1423389
474,61556,77008,68909,70081,66125,65744,64141,60625,59300,52812,48576,53644,53854,59661,55355,50192,48293,54670,50242,46836,51502,56829,46707,46284,48726,1417672
475,57095,87484,77304,69944,78521,73128,69645,67632,58325,62903,54543,58434,56155,51914,50056,49332,50112,52244,47388,47373,44710,50109,45282,47866,49150,1456649
476,76736,71771,68195,69405,62927,61089,51087,57264,48356,50966,53775,49790,51712,48953,48467,60148,51398,53621,54442,53011,53511,58320,51119,52631,52891,1411585
477,117535,72623,61565,64028,58300,60226,55720,52505,57608,52730,50222,44063,42829,47833,48564,48842,41231,52509,56671,53209,52951,56720,52914,49934,50651,1401983
478,81520,78337,66860,69567,66298,60987,57499,59966,58380,50215,45530,51777,51272,52003,49725,52072,52114,58417,53164,52896,48155,58929,48534,53183,57109,1434509
479,67953,79583,70750,71548,70154,63911,62634,58904,62490,50883,53286,50477,46970,52889,51117,50837,54039,47735,54476,53640,54422,56978,54391,47935,49532,1437534
480,68585,68648,76859,66348,64652,56388,60865,59147,48737,56083,50126,50312,52808,54454,49173,47777,49560,48783,52179,54644,55611,49799,46539,49417,51008,1388502
481,71205,78975,67969,66345,74041,65640,63297,64084,61339,49950,53740,52938,51459,46515,49842,48963,52166,48956,53815,48623,49147,49524,49325,54396,50950,1423204
482,73896,78468,75335,61791,74871,60417,60534,58767,59526,55723,53195,54286,57319,47430,52278,52894,49092,45437,40671,49752,52501,52072,49909,51661,53317,1421142
483,77018,68224,76335,67218,65369,71653,61507,56144,62797,49899,50222,62580,47953,60052,49954,52594,48287,48452,44229,50989,49407,54216,46179,49454,50745,1421477
484,68954,78356,83220,78442,72279,64856,69722,58070,58314,57338,45924,58006,49003,52777,51743,45834,48155,46683,51533,50760,52889,53705,52687,46860,52389,1448499
485,80529,73743,74074,69505,77849,68276,61594,60324,60724,54054,57055,59716,57559,53823,49999,50409,54519,53591,48082,48657,53200,48346,48041,46997,48503,1459169
486,69978,84226,75020,81604,68893,71804,66147,56526,59538,56288,57348,53758,59585,57944,52766,52928,48604,47131,51326,46495,50020,49962,51961,51287,47963,1469102
487,74577,73434,79349,73637,69598,67330,66391,56737,58751,57099,57463,53453,54594,56023,57878,54781,52171,48787,41939,51798,49972,48361,49898,49643,50110,1453774
488,69967,82605,76802,72843,71640,63198,67985,60666,57394,62509,59030,55584,60739,52296,51230,50817,49750,51275,42278,44937,54385,44861,49353,53869,51365,1457378
489,76228,80412,76465,73419,71658,73644,61945,64289,60211,56722,57308,52612,52689,51054,48325,52380,46871,47836,45430,50080,51592,50682,45780,52072,47034,1446738
490,70368,76657,75688,66196,63355,70165,59278,62423,56387,57531,56209,53741,62949,43682,48477,54101,51744,54064,55545,51456,47689,52723,45794,49316,53182,1438720
491,69462,84345,79943,76221,65823,71484,69408,58284,50244,57473,59351,54468,59234,51633,48813,51457,58082,49038,51494,44269,43621,52038,46725,50317,50798,1454025
492,58822,82506,74551,62274,75123,71851,60964,57095,56496,51349,58582,45488,48082,49735,48577,49830,50929,53277,46585,49678,48374,54996,52585,45626,51114,1404489
493,78523,73780,70397,62205,68933,63391,49124,52393,58557,46211,44630,50020,50286,46772,54040,53823,48147,50545,54560,49797,51296,53421,53025,47590,47925,1379391
494,109055,72595,70450,58906,62417,59759,56210,50104,52911,50805,45113,50840,48846,46283,47443,48356,43488,51538,47923,51232,51038,54185,52903,51844,47115,1381359
495,76075,76919,76113,64493,66590,57748,51990,52731,57455,55162,47493,50734,51258,44770,47103,50330,49010,53790,49542,52741,51384,52976,53044,57585,53327,1400363
496,67062,76353,70979,67894,63858,61927,59714,57746,55506,58521,53006,54595,49379,46184,49103,45135,46433,51111,53677,54984,53414,48001,55273,45482,54370,1399707
497,77161,82572,71687,62216,54290,68054,60520,56412,60523,55016,55914,47952,49317,51683,49730,50374,45269,49552,52797,48877,46261,48085,50944,50296,49720,1395222
498,70600,69882,64968,62206,76066,59328,65000,56317,56987,52867,53181,47835,56062,54854,48779,52935,53184,51567,52674,56833,52218,50097,48697,55136,48133,1416406
499,72302,70584,76766,64246,68078,62578,61821,59551,53924,55864,52731,51010,44065,48421,44039,47050,50384,50263,49920,50399,47489,52880,46395,47052,56557,1384369
500,75909,74429,67805,76516,68126,63752,65302,53994,49321,65508,61270,47442,50289,49765,51455,51319,49106,47277,41685,49857,51720,47252,46765,47804,42633,1396301
501,68757,83570,78530,79898,72853,69432,64523,61114,56061,64257,59853,53063,53540,54840,52188,52720,56572,49944,47412,45602,53303,49487,49691,41685,45585,1464480
502,66865,81948,76637,73076,78872,69764,70513,65150,50710,56455,56106,51346,54535,48108,47524,47876,50355,50320,44682,48166,54831,53826,47995,48923,46639,1441222
503,73487,82603,81997,71705,67473,70789,65029,68051,53464,50364,50819,47194,48077,48372,46028,44012,48044,46741,55329,46766,44250,48829,47619,44904,49597,1401543
504,71990,86835,77775,72183,69754,70647,61778,55354,57282,58973,59828,54148,52337,54090,53227,49991,48923,44548,43542,54244,47090,42365,51289,42433,49508,1430134
505,69568,86752,83139,78890,72956,67439,61364,58307,57658,55106,54464,50198,52577,53945,51740,51787,45600,50625,46462,47459,50290,44558,47097,47912,47046,1432939
506,81188,75608,80495,65984,70885,64430,60550,61402,56799,54565,47977,57892,57797,52664,46449,51855,44770,44846,43387,46542,50672,44964,47723,49766,49133,1408343
507,70088,87338,81620,73707,69620,63423,54932,64129,51595,49486,50511,57215,53204,52222,51230,49035,50101,43877,50606,44875,47396,47315,48220,44961,46287,1402993
508,70722,80644,71738,76097,65009,66736,63463,61116,61754,57964,51954,51958,51557,56968,53976,45343,46553,48898,46854,47056,46687,54262,46862,40393,46562,1411126
509,68618,79641,72511,67221,67449,66827,67158,62220,66493,54081,50538,53414,48913,58428,47559,54344,50631,48360,50264,46666,44916,51220,44552,44724,45144,1411892
510,76420,73782,75298,67335,56146,62438,63847,53624,53329,54082,53621,47920,49657,52969,53713,49544,53474,55087,54666,53258,51862,59222,49048,46932,52704,1419978
511,98433,70923,67462,58878,53203,60926,55535,50522,46433,53167,47057,53964,50573,39209,51378,48679,47316,55337,53934,53638,47107,53631,50631,51158,51883,1370977
512,72091,75676,79099,65753,54079,58284,52175,56720,49812,55103,52964,51507,48490,54137,52936,53663,47440,54718,49901,48907,46372,50107,48508,47919,49290,1375651
513,72245,80235,64089,64782,64453,62343,62174,52166,53150,49568,51142,55042,46439,54665,49098,52580,51647,55431,50722,52499,48037,47816,54279,49341,47403,1391346
514,74191,70380,70912,63577,57140,60028,59410,55962,51204,48706,48896,54699,50570,48961,44200,46565,49649,51850,55603,49692,49214,48789,53798,45527,49567,1359090
515,72884,65860,73490,62636,63771,62849,60014,55236,59524,59452,52747,56118,59096,49906,47379,51542,49464,53403,53611,52815,52238,51700,49469,50909,47415,1413528
516,75292,67879,73397,60480,67637,72648,63890,56785,53402,54702,55316,53087,52670,53984,46865,47246,50204,50924,49118,47167,50237,52595,50114,50836,51247,1407722
517,71770,71673,72014,74947,61924,65682,58127,65990,60870,48381,50439,52771,50961,54745,47808,45911,51520,50409,45298,46220,50497,49839,48679,46171,41608,1384254
518,75552,79845,80243,68460,59868,70415,61985,56283,62602,56051,57456,53060,51399,46473,48718,44869,50506,51858,46024,47217,46635,46661,47650,46048,42524,1398402
519,73278,67537,73199,67481,70134,69638,64621,60667,54568,54104,49735,51905,50739,45265,48300,51063,49749,52279,46998,45704,45559,51796,46545,44989,47000,1382853
520,79539,85969,76562,72951,65755,62222,65035,54770,58479,56837,50782,54276,53487,51589,46501,46239,45698,45488,50620,44727,46409,45223,48775,42343,42331,1392607
521,77062,87021,84034,75171,65451,64554,66061,60697,62890,55546,47675,46044,44616,49257,49237,46551,47503,48688,45747,51426,51709,44084,50751,50366,44040,1416181
522,57910,75472,70061,71144,67575,61101,64530,56338,59219,54623,51567,54930,46060,48596,48017,51324,47638,55256,45266,47254,54697,52489,50860,54199,49339,1395465
523,66622,81455,78591,68596,73848,61637,62868,62828,60687,55722,53409,51480,52637,52090,45935,49466,55806,50804,43718,46999,49652,42090,44700,51667,45686,1408993
524,65851,82505,87161,73810,64291,60114,58248,59299,57457,51298,56568,50641,45544,47536,49514,51686,45832,54659,47977,51273,49085,51199,49952,45436,46529,1403465
525,71742,75090,76379,69585,68883,63603,57875,59107,50925,52730,51992,48503,52948,45440,48177,52578,44679,48551,49349,47454,47967,52539,44920,45656,43915,1370587
526,65267,67537,67171,74990,66367,66915,57500,57853,55975,54194,53610,46017,50037,43303,49429,53982,46340,52149,49912,49976,46289,51450,47783,44889,51124,1370059
527,77496,69847,70464,70272,61766,49128,64861,59802,50867,49012,47351,48912,46560,50041,50319,52307,52915,54653,52771,52839,48532,52664,49986,54349,52621,1390335
528,95720,73602,66918,66811,64641,52467,48826,49595,49403,47887,48136,44586,44924,42073,47191,48812,49267,48707,49172,49265,50138,50690,47321,47985,49489,1333626
529,87112,81239,67198,65476,57182,56912,62108,55934,55825,55935,44575,51067,47912,44362,47027,45627,52008,49795,52070,51693,50348,53346,49057,50390,52335,1386533
530,69523,68874,63185,64120,65247,60378,57517,59933,53846,54701,53434,50373,43508,46704,49853,50150,49183,52844,46660,52519,54406,49968,53623,51078,47711,1369338
531,65323,69979,69032,61906,56982,65702,62215,60319,54854,51941,53477,44687,48797,51208,45178,49559,52041,48746,48487,52168,48204,51325,53700,50214,50776,1366820
532,76726,62453,77515,65627,62341,57866,66853,53172,56269,49012,52747,48617,50005,50349,52547,48354,45649,49246,50635,53285,48181,49531,46852,52159,50172,1376163
533,72640,67522,80099,68462,57789,61224,54129,64965,53827,52690,40142,48380,58101,51930,46511,47864,46259,50352,43637,48341,54508,46719,43505,42344,52314,1354254
534,67703,71813,73396,79197,64495,62521,57624,52183,61847,50289,50823,46921,47848,49877,52526,49807,47352,51790,43293,49976,46554,46437,48855,45811,44099,1363037
535,74365,69306,86925,75824,67997,61732,59114,60961,55773,58646,55846,55319,49072,46417,47688,51069,46254,51248,44738,47138,47798,50365,49202,47862,42839,1403498
536,74045,73839,73316,77603,67919,61702,59347,59359,58605,54634,54769,51020,47172,48786,51784,52776,49600,49429,45367,40421,53088,45582,45504,44748,45954,1386369
537,73334,75853,79204,62586,64615,67109,51384,57671,56607,55972,51362,48601,51791,50569,44824,45237,47173,46327,48317,44149,46129,44598,50312,47110,44525,1355359
538,71771,68699,82147,72513,74186,65999,55546,58250,53986,52139,53206,49307,54211,51012,43818,47977,47698,49079,41853,49595,48515,45144,51010,48052,49382,1385095
539,61542,78300,74583,69887,63682,58857,57811,55245,54345,55390,53217,55715,53775,45284,46286,49315,46751,49542,43148,46736,47777,43559,41829,51015,50314,1353905
540,73657,81208,71807,79371,59975,63436,65076,52472,55880,55602,54974,53909,52670,48438,45737,49802,45520,46372,44049,44782,47199,46185,45596,45458,48374,1377549
541,66634,78964,66299,68621,66973,62593,61521,64270,54737,54063,55240,52097,46925,57100,43746,48955,49877,48171,50927,47273,46657,49513,45992,52255,47761,1387164
542,70610,79315,73883,67917,62902,69972,61290,53537,50536,55877,49513,47061,49892,50457,46228,50744,45397,48045,47293,47286,44001,52737,49095,45166,47362,1366116
543,61548,83457,70401,77179,76089,65461,61231,55391,49501,51182,50763,49871,49947,50543,45205,52158,47722,55167,47982,45936,42291,50928,45821,44373,48807,1378954
544,78193,74275,71656,63070,65100,57034,52266,51333,50180,55792,46677,43612,46528,42394,43077,41132,49163,52319,52592,52475,53763,51219,50859,55092,52503,1352304
545,82374,74409,71445,63607,59516,54692,54665,49757,47887,48473,45524,47378,48599,44802,46055,44604,44230,51606,52636,53760,47642,54905,50901,49741,48361,1337569
546,74213,70490,75415,72929,70828,61933,54864,54508,48382,50149,47196,49848,45901,46840,51353,42698,48370,46612,48750,45772,51477,50395,49694,51726,52288,1362631
547,72961,61285,78589,71029,64449,52307,54465,54665,51201,49984,45363,47483,48681,51400,44711,45198,48822,46119,53241,46253,50027,45124,50400,46193,49290,1329240
548,74716,69362,74483,66883,63168,56690,53875,52743,50048,44555,47443,49106,44230,52396,47820,45658,46230,47194,51716,47423,48874,45668,51380,49932,46861,1328454
549,71291,66345,71073,71955,70200,60148,50705,57312,53200,47217,51050,46312,44482,46817,45037,48393,46090,46779,48252,50414,47739,48396,45842,54247,48052,1337348
550,73650,62894,69942,72466,66884,61726,64718,52087,57980,52157,46793,44801,52677,47331,42353,48179,46065,47623,45963,46221,48760,47763,45927,46595,54531,1346086
551,75620,66948,73743,73016,72253,64757,56438,53688,51856,52337,43615,50750,44499,46125,45882,43376,48784,51507,46289,50380,51184,47193,48843,47019,48031,1354133
552,76234,73993,77286,68453,69333,62720,59592,62961,50726,54091,43284,52481,50260,46470,46850,47176,42438,46931,47010,44856,45214,51044,46043,45430,46999,1357875
553,76951,73062,70901,72207,72862,66294,58610,56754,52576,50485,45250,43961,49694,42930,46492,49881,50011,47477,45305,45144,47745,46142,49845,46299,45990,1352868
554,78223,68988,75092,77375,68399,63244,58222,64221,54572,49804,55045,53460,39947,41344,48993,50824,44399,44987,49322,44062,41929,49054,44853,44950,39820,1351129
555,76953,76302,82602,72234,65115,62547,60576,57942,56609,54894,56589,51249,46568,52621,47792,48185,46298,45169,45367,47637,43655,42966,44958,49675,45936,1380439
556,61366,75790,75691,70477,64437,63573,56677,60213,57602,56310,50561,49464,50696,47381,50885,41536,44296,49229,45848,48836,50397,46652,47924,48370,45841,1360052
557,79569,87327,75175,68343,67169,63057,59858,60024,54779,52898,51757,46258,47360,46486,38686,43962,45517,47560,48003,46992,49046,45364,46012,49611,50208,1371021
558,67983,77587,61889,66543,63881,62124,68440,60558,52817,57340,50126,47077,48695,53633,48438,42943,44797,55425,49968,48241,45456,47567,48979,52341,50324,1373172
559,71911,90085,73036,70417,63063,67819,53177,53348,51716,55280,52631,50642,47939,46618,46964,43905,47711,50337,45606,48118,46586,49291,49268,49010,46736,1371214
560,67914,85564,61938,67228,69389,66587,61771,58748,54232,46480,47043,44028,46257,43115,44584,41598,45907,49272,48876,48787,38476,46734,43921,48974,41003,1318426
561,74374,82633,72869,67850,68124,60004,48807,54111,55206,48410,39666,42773,41626,45789,45946,47278,45349,52598,47742,45559,42213,52871,49622,46962,48086,1326468
562,98982,64405,76421,67925,64966,58659,49870,51152,44610,45147,44545,44486,44064,44513,38460,38289,43063,44601,45951,46436,49142,44775,49132,49762,47634,1296990
563,82741,74640,67369,69615,62440,55407,58753,51317,50979,49668,45975,45647,40342,45557,41771,48308,45719,46537,47408,46419,48655,51946,48017,53853,51741,1330824
564,77224,67880,70505,68245,71432,62110,60044,58005,54882,48178,46405,48272,43479,48253,48221,46755,46202,50937,47708,50518,49731,48949,47729,51407,51860,1364931
565,73378,73271,68214,71932,59230,64652,58993,56097,54195,51321,47465,44674,47163,45051,44567,45799,45934,46109,47351,45714,47953,43878,50456,47940,46936,1328273
566,77416,71505,66966,66430,65034,63037,54505,58661,53031,54235,49919,46606,44197,46036,48542,53943,45351,42449,50067,47232,45637,45610,46456,46397,42457,1331719
567,78626,71028,63320,63442,62716,59382,59690,61833,53553,49838,45693,49927,49184,46837,41919,48720,41752,45677,43571,48797,48471,47022,49187,47061,50572,1327818
568,75785,80036,70263,68594,59693,65179,59324,58295,55994,51857,47944,47449,45237,49074,45620,48802,41851,49584,47797,52177,46504,46116,48585,44497,42299,1348556
569,82752,72480,75480,76336,65634,68069,67694,56189,55580,53984,45822,44519,45018,48452,46039,49170,41166,42395,43361,47634,46074,42293,44710,47637,44423,1352911
570,81740,71865,74451,74460,70748,62979,57706,56226,53490,46151,46454,40237,40660,43246,41966,42256,41569,53300,50302,48057,46350,49325,50867,49402,47164,1340971
571,74860,81515,79232,70908,66090,62925,53856,54317,60467,49506,50006,46740,43131,49384,44080,43776,47302,47248,47945,45317,45746,45481,44897,47197,46181,1348107
572,85314,79276,74137,64224,71003,67127,59411,54543,52206,49614,49404,47559,48253,44327,42790,42968,46601,45851,38854,49715,47422,43356,46087,47330,44860,1342232
573,71742,84437,67782,72545,72344,64974,57215,59349,54714,49469,47876,41569,48523,44195,44869,49186,41182,49245,43222,45972,51482,45642,44306,46506,44369,1342715
574,79489,82927,72966,70266,64588,57932,63040,58921,51636,53196,53192,45791,40694,47554,49774,46042,39663,46590,44691,44948,48064,42668,46523,46557,44315,1342027
575,72774,86277,72088,67885,58042,59631,57179,62415,51135,47987,44847,50517,44636,44117,47251,48913,47179,47338,49085,53279,47412,49444,47544,43193,46500,1346668
576,66944,90014,82297,74310,67377,55673,55014,57982,48963,54224,51503,51827,46178,49156,46809,50763,48816,44113,50299,47722,46443,50283,41959,45320,47413,1371402
577,67869,79097,72318,75137,65768,55982,57426,59614,54956,45458,45632,45313,43835,49732,42566,37722,49918,52332,49220,47772,45112,51907,47253,47030,46225,1335194
